Time,gps_header.seq,gps_header.stamp.secs,gps_header.stamp.nsecs,gps_header.frame_id,latitude,longitude,altitude,utm_easting,utm_northing,zone,grid
1663939546.2413712,0,48346,0,GPS1_Frame,42.31264833333333,-71.09644833333333,52.1,327225.94206807436,4686618.498717794,19,T
1663939547.2421796,0,48347,0,GPS1_Frame,42.31264833333333,-71.09644833333333,52.1,327225.94206807436,4686618.498717794,19,T
1663939548.2627916,0,48348,0,GPS1_Frame,42.31265666666666,-71.096455,52.4,327225.4154294479,4686619.43760757,19,T
1663939549.2604778,0,48349,0,GPS1_Frame,42.31266333333333,-71.09646500000001,53.1,327224.6095095874,4686620.198197226,19,T
1663939550.235114,0,48350,0,GPS1_Frame,42.312665,-71.09647333333334,53.3,327223.927268327,4686620.4001919525,19,T
1663939551.244103,0,48351,0,GPS1_Frame,42.31266833333334,-71.09648333333332,53.2,327223.11222739844,4686620.790641737,19,T
1663939552.2434034,0,48352,0,GPS1_Frame,42.31267,-71.09649166666667,53.1,327222.4299862321,4686620.99263661,19,T
1663939553.242206,0,48353,0,GPS1_Frame,42.312673333333336,-71.09650166666667,53.0,327221.6149454486,4686621.383086573,19,T
1663939554.2408922,0,48354,0,GPS1_Frame,42.31267666666666,-71.09651166666666,52.8,327220.7999047523,4686621.773536631,19,T
1663939555.2588391,0,48355,0,GPS1_Frame,42.31268166666667,-71.09652333333334,52.9,327219.85206455155,4686622.352441843,19,T
1663939556.259812,0,48356,0,GPS1_Frame,42.312684999999995,-71.09653499999999,52.5,327218.8996637248,4686622.746277158,19,T
1663939557.2400181,0,48357,0,GPS1_Frame,42.31269,-71.096545,52.5,327218.08918412763,4686623.321797572,19,T
1663939558.2588735,0,48358,0,GPS1_Frame,42.31269666666667,-71.09655666666666,53.0,327217.145905185,4686624.08577319,19,T
1663939559.242414,0,48359,0,GPS1_Frame,42.31270333333334,-71.096565,53.0,327216.477347036,4686624.842978748,19,T
1663939560.2601826,0,48360,0,GPS1_Frame,42.31270833333333,-71.09657333333332,52.9,327215.8042281653,4686625.415114345,19,T
1663939561.2728286,0,48361,0,GPS1_Frame,42.312715,-71.09658166666667,52.9,327215.1356702919,4686626.172320039,19,T
1663939562.2399874,0,48362,0,GPS1_Frame,42.312720000000006,-71.09659166666667,52.8,327214.3251913993,4686626.74784091,19,T
1663939563.2597303,0,48363,0,GPS1_Frame,42.312725,-71.09660000000001,52.7,327213.65207288763,4686627.319976725,19,T
1663939564.2397273,0,48364,0,GPS1_Frame,42.31272833333334,-71.09661166666666,52.6,327212.6996730564,4686627.713812917,19,T
1663939565.2389872,0,48365,0,GPS1_Frame,42.312729999999995,-71.09662166666666,52.7,327211.8800725861,4686627.91919402,19,T
1663939566.2402992,0,48366,0,GPS1_Frame,42.312735,-71.09663166666665,52.7,327211.0695941548,4686628.494715285,19,T
1663939567.2625473,0,48367,0,GPS1_Frame,42.31274,-71.09664,52.9,327210.39647607005,4686629.066851426,19,T
1663939568.2625535,0,48368,0,GPS1_Frame,42.31274333333334,-71.09664833333333,53.0,327209.7187970601,4686629.453917608,19,T
1663939569.2407682,0,48369,0,GPS1_Frame,42.31274833333334,-71.09665666666666,53.1,327209.04567917436,4686630.026053887,19,T
1663939570.2597568,0,48370,0,GPS1_Frame,42.31275666666667,-71.09666333333332,53.1,327208.51904372656,4686630.964945039,19,T
1663939571.2596886,0,48371,0,GPS1_Frame,42.31276166666667,-71.09666999999999,53.0,327207.98328625935,4686631.533696172,19,T
1663939572.2609086,0,48372,0,GPS1_Frame,42.31276666666666,-71.09667666666665,53.0,327207.44752887817,4686632.102447351,19,T
1663939573.2413037,0,48373,0,GPS1_Frame,42.31277333333334,-71.09668333333335,53.0,327206.9163326991,4686632.856268606,19,T
1663939574.2393136,0,48374,0,GPS1_Frame,42.31278166666666,-71.096685,53.0,327206.8017781439,4686633.785004053,19,T
1663939575.259773,0,48375,0,GPS1_Frame,42.31278833333334,-71.09668166666667,52.8,327207.09474284097,4686634.518513607,19,T
1663939576.2597017,0,48376,0,GPS1_Frame,42.312796666666664,-71.09667666666665,52.6,327207.52962868137,4686635.433707926,19,T
1663939577.2598472,0,48377,0,GPS1_Frame,42.31280666666667,-71.096675,52.5,327207.6943553632,4686636.540742844,19,T
1663939578.2604644,0,48378,0,GPS1_Frame,42.31281666666667,-71.09668166666667,52.3,327207.17228176026,4686637.664704161,19,T
1663939579.2434278,0,48379,0,GPS1_Frame,42.312825000000004,-71.09669166666666,52.0,327206.3709271462,4686638.610366086,19,T
1663939580.239296,0,48380,0,GPS1_Frame,42.31283333333334,-71.09670333333334,51.6,327205.4322127386,4686639.559413431,19,T
1663939581.2607675,0,48381,0,GPS1_Frame,42.31283833333334,-71.09671499999999,51.5,327204.4843762126,4686640.138320843,19,T
1663939582.2601974,0,48382,0,GPS1_Frame,42.31284333333333,-71.09672666666667,51.4,327203.5365398354,4686640.717228387,19,T
1663939583.2405596,0,48383,0,GPS1_Frame,42.31284833333334,-71.09673666666666,51.4,327202.7260635956,4686641.292750688,19,T
1663939584.2595518,0,48384,0,GPS1_Frame,42.312855000000006,-71.09674833333334,51.2,327201.78278877854,4686642.056728515,19,T
1663939585.2589345,0,48385,0,GPS1_Frame,42.31286166666667,-71.09676166666667,51.3,327200.7021542152,4686642.824091889,19,T
1663939586.240067,0,48386,0,GPS1_Frame,42.31286333333334,-71.096775,51.4,327199.6078359183,4686643.036245331,19,T
1663939587.2413065,0,48387,0,GPS1_Frame,42.312864999999995,-71.09679166666666,51.1,327198.2387977905,4686643.255169868,19,T
1663939588.2384255,0,48388,0,GPS1_Frame,42.312864999999995,-71.09680833333333,50.8,327196.8651983397,4686643.289024639,19,T
1663939589.2384162,0,48389,0,GPS1_Frame,42.312868333333334,-71.09682500000001,50.7,327195.5007217488,4686643.6930197505,19,T
1663939590.2351022,0,48390,0,GPS1_Frame,42.312875,-71.09683833333334,50.4,327194.42008808523,4686644.460384121,19,T
1663939591.238188,0,48391,0,GPS1_Frame,42.31288166666666,-71.09684999999999,50.2,327193.4768145658,4686645.224363108,19,T
1663939592.2382207,0,48392,0,GPS1_Frame,42.31288833333333,-71.09686166666667,50.1,327192.533541247,4686645.98834223,19,T
1663939593.238723,0,48393,0,GPS1_Frame,42.312895,-71.09687166666666,49.7,327191.72762801696,4686646.748935888,19,T
1663939594.2342958,0,48394,0,GPS1_Frame,42.312900000000006,-71.09688166666666,49.4,327190.91715340375,4686647.324459609,19,T
1663939595.235216,0,48395,0,GPS1_Frame,42.31290666666667,-71.09689333333334,49.1,327189.97388064704,4686648.088439092,19,T
1663939596.2353492,0,48396,0,GPS1_Frame,42.312913333333334,-71.09690333333333,48.9,327189.1679679372,4686648.849033063,19,T
1663939597.2360418,0,48397,0,GPS1_Frame,42.31292166666667,-71.09691333333333,48.6,327188.3666170313,4686649.794697171,19,T
1663939598.2395053,0,48398,0,GPS1_Frame,42.312931666666664,-71.09692166666667,48.4,327187.70718779473,4686650.922045741,19,T
1663939599.2402499,0,48399,0,GPS1_Frame,42.31294,-71.09692666666666,48.2,327187.31791668315,4686651.857552972,19,T
1663939600.2671852,0,48400,0,GPS1_Frame,42.31294833333333,-71.09693,48.1,327187.06600545,4686652.789674539,19,T
1663939601.2394006,0,48401,0,GPS1_Frame,42.312954999999995,-71.096935,48.3,327186.6721728671,4686653.540111773,19,T
1663939602.2382462,0,48402,0,GPS1_Frame,42.312954999999995,-71.09694666666665,48.9,327185.7106546148,4686653.563811714,19,T
1663939603.2394016,0,48403,0,GPS1_Frame,42.312956666666665,-71.09696166666666,49.4,327184.4789785967,4686653.7793533,19,T
1663939604.2393422,0,48404,0,GPS1_Frame,42.312960000000004,-71.09697666666666,49.6,327183.2518644121,4686654.179965145,19,T
1663939605.2385714,0,48405,0,GPS1_Frame,42.31296666666667,-71.09698666666667,49.9,327182.44595313957,4686654.940559938,19,T
1663939606.2584977,0,48406,0,GPS1_Frame,42.31296999999999,-71.097,49.8,327181.356198977,4686655.337786345,19,T
1663939607.2581367,0,48407,0,GPS1_Frame,42.31297333333334,-71.09701166666667,49.6,327180.4038046424,4686655.731627104,19,T
1663939608.2577653,0,48408,0,GPS1_Frame,42.31298,-71.09702333333333,49.5,327179.4605341563,4686656.495608077,19,T
1663939609.2402897,0,48409,0,GPS1_Frame,42.31298833333334,-71.09703333333333,49.4,327178.65918544924,4686657.441273371,19,T
1663939610.2567236,0,48410,0,GPS1_Frame,42.31299833333334,-71.097045,49.8,327177.72503922484,4686658.575394677,19,T
1663939611.2379713,0,48411,0,GPS1_Frame,42.31300833333333,-71.097055,50.1,327176.9282529463,4686659.706130227,19,T
1663939612.2567823,0,48412,0,GPS1_Frame,42.31301499999999,-71.09706666666666,50.1,327175.98498337885,4686660.4701117,19,T
1663939613.2381973,0,48413,0,GPS1_Frame,42.313021666666664,-71.09707666666667,50.1,327175.17907362385,4686661.230707379,19,T
1663939614.2570584,0,48414,0,GPS1_Frame,42.31302666666667,-71.09708666666667,50.2,327174.3686020281,4686661.806233115,19,T
1663939615.2400703,0,48415,0,GPS1_Frame,42.31303166666667,-71.09709666666666,50.2,327173.55813056603,4686662.381758946,19,T
1663939616.2386339,0,48416,0,GPS1_Frame,42.31303833333333,-71.09710666666666,50.1,327172.7522212923,4686663.1423549205,19,T
1663939617.2372031,0,48417,0,GPS1_Frame,42.313044999999995,-71.09711833333334,50.2,327171.8089526398,4686663.906336986,19,T
1663939618.2583432,0,48418,0,GPS1_Frame,42.31305166666666,-71.09712833333333,50.4,327171.0030437348,4686664.666933173,19,T
1663939619.2571354,0,48419,0,GPS1_Frame,42.313055,-71.097135,50.4,327170.46272981295,4686665.050617326,19,T
1663939620.257009,0,48420,0,GPS1_Frame,42.31305999999999,-71.09714000000001,50.4,327170.0643376113,4686665.615985533,19,T
1663939621.2591598,0,48421,0,GPS1_Frame,42.31305999999999,-71.09714000000001,50.4,327170.0643376113,4686665.615985533,19,T
1663939622.2574735,0,48422,0,GPS1_Frame,42.31305999999999,-71.09714166666666,50.5,327169.9269780889,4686665.619371563,19,T
1663939623.2391295,0,48423,0,GPS1_Frame,42.31306333333334,-71.09714666666667,50.5,327169.524023814,4686665.999669762,19,T
1663939624.239402,0,48424,0,GPS1_Frame,42.31307,-71.097155,50.8,327168.85547490325,4686666.7568801725,19,T
1663939625.2383802,0,48425,0,GPS1_Frame,42.31307833333334,-71.09716499999999,50.8,327168.0541288409,4686667.702546769,19,T
1663939626.2578115,0,48426,0,GPS1_Frame,42.31308333333333,-71.09717500000001,50.9,327167.2436585711,4686668.27807337,19,T
1663939627.2607033,0,48427,0,GPS1_Frame,42.313089999999995,-71.09718833333334,50.8,327166.16303175624,4686669.045442327,19,T
1663939628.2587683,0,48428,0,GPS1_Frame,42.31309666666666,-71.0972,50.7,327165.2197646161,4686669.809425329,19,T
1663939629.25857,0,48429,0,GPS1_Frame,42.31310333333332,-71.09721166666667,50.5,327164.2764976809,4686670.573408466,19,T
1663939630.23845,0,48430,0,GPS1_Frame,42.313111666666664,-71.09722333333335,50.3,327163.3377932703,4686671.522461784,19,T
1663939631.2389224,0,48431,0,GPS1_Frame,42.31311666666667,-71.09723666666667,50.1,327162.2526050233,4686672.104761327,19,T
1663939632.2583396,0,48432,0,GPS1_Frame,42.31312333333334,-71.09724833333333,49.9,327161.3093387194,4686672.868744884,19,T
1663939633.2610736,0,48433,0,GPS1_Frame,42.31312833333333,-71.09726166666665,49.8,327160.2241508425,4686673.451044751,19,T
1663939634.258914,0,48434,0,GPS1_Frame,42.313136666666665,-71.09727500000001,49.7,327159.14808800677,4686674.403484889,19,T
1663939635.257749,0,48435,0,GPS1_Frame,42.31314333333333,-71.09728666666666,49.7,327158.20482234436,4686675.167468885,19,T
1663939636.2377028,0,48436,0,GPS1_Frame,42.31314999999999,-71.09729666666667,49.7,327157.3989162167,4686675.928066731,19,T
1663939637.236743,0,48437,0,GPS1_Frame,42.313156666666664,-71.09730833333333,49.7,327156.45565094973,4686676.692050977,19,T
1663939638.236513,0,48438,0,GPS1_Frame,42.31316666666667,-71.09732000000001,49.9,327155.5215109574,4686677.826175454,19,T
1663939639.2380219,0,48439,0,GPS1_Frame,42.31317666666667,-71.09733,50.1,327154.7247305467,4686678.956913731,19,T
1663939640.2367027,0,48440,0,GPS1_Frame,42.31318666666666,-71.09734,50.1,327153.9279503999,4686680.087652104,19,T
1663939641.2366664,0,48441,0,GPS1_Frame,42.31319666666666,-71.09735,50.3,327153.13117051934,4686681.21839058,19,T
1663939642.2363453,0,48442,0,GPS1_Frame,42.31320666666667,-71.09736,50.3,327152.3343909069,4686682.349129154,19,T
1663939643.2372897,0,48443,0,GPS1_Frame,42.31321833333333,-71.09737166666667,50.2,327151.4048150274,4686683.668324285,19,T
1663939644.238201,0,48444,0,GPS1_Frame,42.313228333333335,-71.09738333333333,50.2,327150.4706768336,4686684.802449501,19,T
1663939645.2376888,0,48445,0,GPS1_Frame,42.313235,-71.097395,50.1,327149.527413536,4686685.566434745,19,T
1663939646.2377057,0,48446,0,GPS1_Frame,42.31324166666666,-71.09740833333333,49.9,327148.4467913185,4686686.333806586,19,T
1663939647.2373192,0,48447,0,GPS1_Frame,42.313246666666664,-71.09742,49.7,327147.49896568735,4686686.912722064,19,T
1663939648.2370844,0,48448,0,GPS1_Frame,42.31325166666667,-71.09743,49.3,327146.6884993168,4686687.488251174,19,T
1663939649.2380362,0,48449,0,GPS1_Frame,42.31325666666667,-71.09744166666665,49.1,327145.740673983,4686688.067166899,19,T
1663939650.2379763,0,48450,0,GPS1_Frame,42.31326000000001,-71.09745500000001,49.0,327144.65092687507,4686688.464399242,19,T
1663939651.259285,0,48451,0,GPS1_Frame,42.313265,-71.09746833333334,48.8,327143.5657427495,4686689.046701813,19,T
1663939652.2366636,0,48452,0,GPS1_Frame,42.313271666666665,-71.09748166666667,48.8,327142.48512169905,4686689.814074612,19,T
1663939653.2369533,0,48453,0,GPS1_Frame,42.31327833333333,-71.09749333333333,48.8,327141.54185993015,4686690.57806098,19,T
1663939654.232822,0,48454,0,GPS1_Frame,42.31328499999999,-71.09750166666666,48.7,327140.87331643933,4686691.3352742465,19,T
1663939655.2379763,0,48455,0,GPS1_Frame,42.313291666666665,-71.09751166666666,48.9,327140.0674140726,4686692.095874213,19,T
1663939656.2560132,0,48456,0,GPS1_Frame,42.31329666666667,-71.09752499999999,48.8,327138.98223087774,4686692.678177523,19,T
1663939657.256529,0,48457,0,GPS1_Frame,42.31330333333334,-71.09753666666667,48.6,327138.03896987165,4686693.4421643885,19,T
1663939658.2560215,0,48458,0,GPS1_Frame,42.31331,-71.09754833333334,48.5,327137.09570907254,4686694.20615139,19,T
1663939659.236747,0,48459,0,GPS1_Frame,42.313314999999996,-71.09756166666666,48.4,327136.01052643685,4686694.78845518,19,T
1663939660.2366445,0,48460,0,GPS1_Frame,42.31332166666666,-71.097575,48.3,327134.9299070777,4686695.5558292,19,T
1663939661.2376673,0,48461,0,GPS1_Frame,42.313328333333324,-71.097585,48.2,327134.12400584016,4686696.316429885,19,T
1663939662.2568786,0,48462,0,GPS1_Frame,42.31333500000001,-71.09759833333332,48.1,327133.04338692396,4686697.0838042125,19,T
1663939663.2594225,0,48463,0,GPS1_Frame,42.313340000000004,-71.09761,48.1,327132.09556396824,4686697.662721859,19,T
1663939664.2361834,0,48464,0,GPS1_Frame,42.31334666666667,-71.09762166666665,48.1,327131.15230437764,4686698.426709699,19,T
1663939665.2545729,0,48465,0,GPS1_Frame,42.31335000000001,-71.09763,47.4,327130.47463631246,4686698.813783905,19,T
1663939666.237739,0,48466,0,GPS1_Frame,42.31335666666667,-71.09764166666668,47.4,327129.53137704876,4686699.577771974,19,T
1663939667.2379704,0,48467,0,GPS1_Frame,42.313361666666665,-71.09765333333333,47.3,327128.58355471375,4686700.156690118,19,T
1663939668.2563443,0,48468,0,GPS1_Frame,42.31336666666666,-71.097665,47.2,327127.6357325278,4686700.735608394,19,T
1663939669.2577267,0,48469,0,GPS1_Frame,42.313373333333324,-71.097675,47.1,327126.82983267354,4686701.496209964,19,T
1663939670.2533212,0,48470,0,GPS1_Frame,42.313381666666665,-71.097685,47.1,327126.02849634417,4686702.441881696,19,T
1663939671.2350967,0,48471,0,GPS1_Frame,42.31338833333333,-71.09769666666666,46.8,327125.0852380502,4686703.205870396,19,T
1663939672.2543402,0,48472,0,GPS1_Frame,42.31339500000001,-71.09770666666667,46.6,327124.27933876094,4686703.966472281,19,T
1663939673.256361,0,48473,0,GPS1_Frame,42.31340166666667,-71.09772,46.3,327123.19872207707,4686704.733848198,19,T
1663939674.236273,0,48474,0,GPS1_Frame,42.313408333333335,-71.09773333333332,46.4,327122.1181056311,4686705.50122429,19,T
1663939675.2379482,0,48475,0,GPS1_Frame,42.31341666666667,-71.097745,46.3,327121.1794116517,4686706.450283607,19,T
1663939676.2558107,0,48476,0,GPS1_Frame,42.31342333333334,-71.097755,46.1,327120.3735131591,4686707.210885967,19,T
1663939677.2560837,0,48477,0,GPS1_Frame,42.31343166666667,-71.09776666666667,46.0,327119.43481965165,4686708.159945533,19,T
1663939678.254818,0,48478,0,GPS1_Frame,42.31343833333334,-71.09777666666668,45.7,327118.6289215501,4686708.920548106,19,T
1663939679.2536585,0,48479,0,GPS1_Frame,42.313448333333326,-71.09778833333333,45.7,327117.69479209435,4686710.054677983,19,T
1663939680.236658,0,48480,0,GPS1_Frame,42.313455000000005,-71.09779833333333,45.5,327116.888894402,4686710.815280773,19,T
1663939681.2365816,0,48481,0,GPS1_Frame,42.313463333333324,-71.09781,45.5,327115.9502018605,4686711.7643408375,19,T
1663939682.2515993,0,48482,0,GPS1_Frame,42.31347000000001,-71.09782,45.4,327115.1443045592,4686712.524943841,19,T
1663939683.2361348,0,48483,0,GPS1_Frame,42.31347833333333,-71.09783166666666,45.3,327114.2056124876,4686713.474004153,19,T
1663939684.2543309,0,48484,0,GPS1_Frame,42.31348500000001,-71.097845,45.1,327113.1249983655,4686714.241381711,19,T
1663939685.2560124,0,48485,0,GPS1_Frame,42.31349166666667,-71.09785666666667,45.0,327112.1817430676,4686715.005372247,19,T
1663939686.2573981,0,48486,0,GPS1_Frame,42.313498333333335,-71.09786666666668,44.9,327111.37584655057,4686715.765975709,19,T
1663939687.2384775,0,48487,0,GPS1_Frame,42.313505,-71.09787833333333,44.8,327110.43259165005,4686716.529966495,19,T
1663939688.236636,0,48488,0,GPS1_Frame,42.313509999999994,-71.09789,44.8,327109.48477314366,4686717.108887347,19,T
1663939689.2367141,0,48489,0,GPS1_Frame,42.31351500000001,-71.09790166666667,44.8,327108.53695479245,4686717.687808338,19,T
1663939690.2371554,0,48490,0,GPS1_Frame,42.313521666666674,-71.09791333333332,44.7,327107.5937004569,4686718.451799523,19,T
1663939691.2360747,0,48491,0,GPS1_Frame,42.31352666666667,-71.09792333333333,44.7,327106.78324095043,4686719.027333475,19,T
1663939692.2378922,0,48492,0,GPS1_Frame,42.31353166666666,-71.09793333333333,44.7,327105.9727815754,4686719.602867524,19,T
1663939693.2372818,0,48493,0,GPS1_Frame,42.31353833333333,-71.097945,44.8,327105.02952776954,4686720.366859075,19,T
1663939694.2372537,0,48494,0,GPS1_Frame,42.313545000000005,-71.097955,44.7,327104.2236326438,4686721.127463406,19,T
1663939695.2362993,0,48495,0,GPS1_Frame,42.31355,-71.097965,44.6,327103.41317372053,4686721.702997766,19,T
1663939696.2349355,0,48496,0,GPS1_Frame,42.31355666666666,-71.09797833333333,44.6,327102.33256202465,4686722.470377065,19,T
1663939697.2346494,0,48497,0,GPS1_Frame,42.313561666666665,-71.09799,44.5,327101.3847449691,4686723.049299063,19,T
1663939698.2340086,0,48498,0,GPS1_Frame,42.313565000000004,-71.09800166666668,44.2,327100.4323640119,4686723.443151127,19,T
1663939699.239784,0,48499,0,GPS1_Frame,42.31357166666667,-71.09801333333333,44.1,327099.4891113192,4686724.207143457,19,T
1663939700.2370975,0,48500,0,GPS1_Frame,42.31358,-71.09802333333333,44.0,327098.68778133346,4686725.152818529,19,T
1663939701.2381923,0,48501,0,GPS1_Frame,42.313586666666666,-71.098035,43.8,327097.7445290602,4686725.9168111095,19,T
1663939702.2586029,0,48502,0,GPS1_Frame,42.313595,-71.098045,43.6,327096.943199514,4686726.862486395,19,T
1663939703.2375946,0,48503,0,GPS1_Frame,42.31360333333334,-71.098055,43.5,327096.14187018876,4686727.808161782,19,T
1663939704.2373433,0,48504,0,GPS1_Frame,42.313610000000004,-71.09806499999999,43.4,327095.3359768879,4686728.568767195,19,T
1663939705.2383819,0,48505,0,GPS1_Frame,42.31361833333334,-71.09807333333333,43.4,327094.6720062943,4686729.511055234,19,T
1663939706.2378874,0,48506,0,GPS1_Frame,42.31362666666667,-71.09808333333334,43.3,327093.8706775913,4686730.4567309,19,T
1663939707.2567956,0,48507,0,GPS1_Frame,42.313635000000005,-71.09809166666668,43.3,327093.2067073855,4686731.39901909,19,T
1663939708.256088,0,48508,0,GPS1_Frame,42.313643333333324,-71.09810166666666,42.9,327092.40537910623,4686732.3446949385,19,T
1663939709.2565954,0,48509,0,GPS1_Frame,42.313651666666665,-71.09811166666667,42.8,327091.604051048,4686733.290370886,19,T
1663939710.2351038,0,48510,0,GPS1_Frame,42.31366,-71.09812166666667,42.8,327090.8027232087,4686734.236046935,19,T
1663939711.2367733,0,48511,0,GPS1_Frame,42.31367,-71.09813166666666,42.8,327090.0059599392,4686735.366793155,19,T
1663939712.2353094,0,48512,0,GPS1_Frame,42.31368166666666,-71.09814166666666,42.8,327089.21376130346,4686736.682609547,19,T
1663939713.2559593,0,48513,0,GPS1_Frame,42.31369333333334,-71.09815,42.8,327088.5589211331,4686737.995038372,19,T
1663939714.2556717,0,48514,0,GPS1_Frame,42.313705,-71.09815833333333,42.7,327087.90408122365,4686739.307467267,19,T
1663939715.236702,0,48515,0,GPS1_Frame,42.31371666666667,-71.09816666666667,42.5,327087.24924157513,4686740.619896234,19,T
1663939716.2558448,0,48516,0,GPS1_Frame,42.31373,-71.09817666666666,42.5,327086.46160856204,4686742.120783056,19,T
1663939717.237376,0,48517,0,GPS1_Frame,42.313741666666665,-71.098185,42.4,327085.8067694799,4686743.433212179,19,T
1663939718.2359142,0,48518,0,GPS1_Frame,42.31375500000001,-71.09819333333333,42.3,327085.15649514727,4686744.93071145,19,T
1663939719.2576284,0,48519,0,GPS1_Frame,42.313768333333336,-71.09819833333333,42.2,327084.7809370916,4686746.421435289,19,T
1663939720.2575917,0,48520,0,GPS1_Frame,42.313779999999994,-71.09820500000001,42.1,327084.26345674327,4686747.730476838,19,T
1663939721.2557817,0,48521,0,GPS1_Frame,42.31379333333333,-71.09821166666667,41.9,327083.7505411393,4686749.2245885115,19,T
1663939722.2368371,0,48522,0,GPS1_Frame,42.31380333333333,-71.09822000000001,41.8,327083.09113876673,4686750.351947857,19,T
1663939723.3142729,0,48523,0,GPS1_Frame,42.313813333333336,-71.09822833333332,41.6,327082.431736619,4686751.479307273,19,T
1663939724.2357152,0,48524,0,GPS1_Frame,42.313824999999994,-71.09823833333333,41.5,327081.6395414132,4686752.795124648,19,T
1663939725.2354763,0,48525,0,GPS1_Frame,42.313835000000005,-71.09824666666667,41.4,327080.9801397496,4686753.922484219,19,T
1663939726.2356036,0,48526,0,GPS1_Frame,42.31384500000001,-71.09825500000001,41.3,327080.3207383065,4686755.049843861,19,T
1663939727.2573094,0,48527,0,GPS1_Frame,42.313858333333336,-71.09826333333334,41.4,327079.67046639055,4686756.547343732,19,T
1663939728.2576513,0,48528,0,GPS1_Frame,42.313865,-71.09827166666668,41.4,327079.00193609257,4686757.304563352,19,T
1663939729.2562711,0,48529,0,GPS1_Frame,42.31386333333333,-71.09828833333333,41.4,327077.62379358953,4686757.1533720745,19,T
1663939730.2554402,0,48530,0,GPS1_Frame,42.31386166666666,-71.09830333333333,41.4,327076.38300880126,4686756.9987931475,19,T
1663939731.2357092,0,48531,0,GPS1_Frame,42.313860000000005,-71.09831666666668,41.2,327075.2795817347,4686756.840826499,19,T
1663939732.236995,0,48532,0,GPS1_Frame,42.313856666666666,-71.09833333333333,40.9,327073.89687421883,4686756.5045658685,19,T
1663939733.2581015,0,48533,0,GPS1_Frame,42.313855,-71.09835,40.5,327072.5187313957,4686756.353375587,19,T
1663939734.2367964,0,48534,0,GPS1_Frame,42.31385333333333,-71.098365,40.1,327071.27794630587,4686756.198797557,19,T
1663939735.2580369,0,48535,0,GPS1_Frame,42.31385166666667,-71.09837999999999,39.8,327070.0371611477,4686756.044219743,19,T
1663939736.25671,0,48536,0,GPS1_Frame,42.31385166666667,-71.09839333333333,39.6,327068.93829867046,4686756.071324164,19,T
1663939737.2579422,0,48537,0,GPS1_Frame,42.31385166666667,-71.09840833333332,39.7,327067.7020783834,4686756.101816844,19,T
1663939738.2363226,0,48538,0,GPS1_Frame,42.313855,-71.09842166666667,39.8,327066.61234589166,4686756.499061794,19,T
1663939739.2361345,0,48539,0,GPS1_Frame,42.313856666666666,-71.09843500000001,39.9,327065.51804849156,4686756.711236837,19,T
1663939740.2357287,0,48540,0,GPS1_Frame,42.31386166666666,-71.09844833333334,39.8,327064.4328812576,4686757.293552215,19,T
1663939741.2360022,0,48541,0,GPS1_Frame,42.313868333333325,-71.09846166666667,39.7,327063.35227928136,4686758.06093785,19,T
1663939742.2346356,0,48542,0,GPS1_Frame,42.31387333333334,-71.098475,39.8,327062.2671124262,4686758.64325358,19,T
1663939743.2360375,0,48543,0,GPS1_Frame,42.313880000000005,-71.098485,39.8,327061.4612263838,4686759.403863133,19,T
1663939744.2355018,0,48544,0,GPS1_Frame,42.31388833333334,-71.098495,39.8,327060.65990567696,4686760.349542869,19,T
1663939745.2364573,0,48545,0,GPS1_Frame,42.31389666666667,-71.09850499999999,39.8,327059.8585851911,4686761.295222703,19,T
1663939746.2366488,0,48546,0,GPS1_Frame,42.313903333333336,-71.09851499999999,39.7,327059.05269972153,4686762.055832555,19,T
1663939747.2370577,0,48547,0,GPS1_Frame,42.31391,-71.09852500000001,39.6,327058.24681442813,4686762.816442504,19,T
1663939748.2366838,0,48548,0,GPS1_Frame,42.313916666666664,-71.09853666666666,39.6,327057.3035716443,4686763.580440846,19,T
1663939749.243836,0,48549,0,GPS1_Frame,42.31392000000001,-71.098545,39.4,327056.62591383513,4686763.96752253,19,T
1663939750.2362673,0,48550,0,GPS1_Frame,42.313923333333335,-71.09855666666667,39.3,327055.6735407883,4686764.36138093,19,T
1663939751.236828,0,48551,0,GPS1_Frame,42.31393,-71.09856666666666,39.2,327054.86765612615,4686765.121991288,19,T
1663939752.2539067,0,48552,0,GPS1_Frame,42.31393500000001,-71.09857666666667,39.1,327054.0572062965,4686765.697531661,19,T
1663939753.2364342,0,48553,0,GPS1_Frame,42.31394166666667,-71.098585,38.9,327053.38867958076,4686766.454753841,19,T
1663939754.2342236,0,48554,0,GPS1_Frame,42.313948333333336,-71.09859333333334,38.7,327052.7201530081,4686767.2119760895,19,T
1663939755.2346966,0,48555,0,GPS1_Frame,42.313955,-71.09860499999999,38.6,327051.7769114134,4686767.975975215,19,T
1663939756.236083,0,48556,0,GPS1_Frame,42.31396333333334,-71.09861500000001,38.5,327050.9755930181,4686768.921656137,19,T
1663939757.252834,0,48557,0,GPS1_Frame,42.313970000000005,-71.098625,38.4,327050.16970939795,4686769.682267072,19,T
1663939758.2528605,0,48558,0,GPS1_Frame,42.313975,-71.09863666666666,38.3,327049.22190293943,4686770.261196475,19,T
1663939759.2337573,0,48559,0,GPS1_Frame,42.31398166666666,-71.09864666666667,38.1,327048.4160196635,4686771.021807621,19,T
1663939760.2516544,0,48560,0,GPS1_Frame,42.31398833333333,-71.09865833333333,38.0,327047.472779048,4686771.785807358,19,T
1663939761.2313955,0,48561,0,GPS1_Frame,42.313995000000006,-71.09866833333334,37.9,327046.6668961387,4686772.54641872,19,T
1663939762.2304542,0,48562,0,GPS1_Frame,42.31400166666667,-71.09867833333332,37.7,327045.8610134034,4686773.307030181,19,T
1663939763.2524533,0,48563,0,GPS1_Frame,42.31401000000001,-71.09868666666667,37.6,327045.19705390185,4686774.249323288,19,T
1663939764.250861,0,48564,0,GPS1_Frame,42.314016666666674,-71.09869666666667,37.5,327044.3911715286,4686775.009934927,19,T
1663939765.2316353,0,48565,0,GPS1_Frame,42.31402500000001,-71.09870666666667,37.3,327043.58985495975,4686775.955616757,19,T
1663939766.230905,0,48566,0,GPS1_Frame,42.31403166666667,-71.09871833333334,37.3,327042.6466155393,4686776.719617184,19,T
1663939767.251921,0,48567,0,GPS1_Frame,42.31403666666667,-71.09872999999999,37.2,327041.6988106435,4686777.298547655,19,T
1663939768.23265,0,48568,0,GPS1_Frame,42.31404333333333,-71.09874166666667,37.2,327040.75557160686,4686778.062548351,19,T
1663939769.23055,0,48569,0,GPS1_Frame,42.314049999999995,-71.09875000000001,37.2,327040.0870475352,4686778.81977189,19,T
1663939770.2514858,0,48570,0,GPS1_Frame,42.314056666666666,-71.09875833333334,37.3,327039.4185236128,4686779.576995498,19,T
1663939771.2527318,0,48571,0,GPS1_Frame,42.314065,-71.09876833333333,37.3,327038.61720825464,4686780.522677936,19,T
1663939772.2531443,0,48572,0,GPS1_Frame,42.314075,-71.09877833333333,37.3,327037.8204589063,4686781.653430566,19,T
1663939773.2535205,0,48573,0,GPS1_Frame,42.31408499999999,-71.09878833333333,37.5,327037.02370982605,4686782.784183295,19,T
1663939774.2535121,0,48574,0,GPS1_Frame,42.314096666666664,-71.09879833333333,37.7,327036.2315268483,4686784.10000622,19,T
1663939775.2344866,0,48575,0,GPS1_Frame,42.314105000000005,-71.09881,37.6,327035.2928552012,4686785.049077795,19,T
1663939776.234555,0,48576,0,GPS1_Frame,42.31411166666667,-71.09882333333333,37.5,327034.2122606742,4686785.816468172,19,T
1663939777.235158,0,48577,0,GPS1_Frame,42.31411666666666,-71.098835,37.5,327033.2644576989,4686786.395399847,19,T
1663939778.2545416,0,48578,0,GPS1_Frame,42.31412333333333,-71.09884833333334,37.4,327032.18386359536,4686787.16279055,19,T
1663939779.2544432,0,48579,0,GPS1_Frame,42.31412999999999,-71.09885833333333,37.3,327031.3779841431,4686787.923403786,19,T
1663939780.250697,0,48580,0,GPS1_Frame,42.31413666666667,-71.09887,37.2,327030.43474767264,4686788.687405959,19,T
1663939781.2526264,0,48581,0,GPS1_Frame,42.314146666666666,-71.09888,37.5,327029.6380006239,4686789.818159598,19,T
1663939782.2308462,0,48582,0,GPS1_Frame,42.314155,-71.09889,37.4,327028.83668779803,4686790.763843242,19,T
1663939783.2539294,0,48583,0,GPS1_Frame,42.314161666666664,-71.0989,37.4,327028.03080913157,4686791.524456889,19,T
1663939784.2321558,0,48584,0,GPS1_Frame,42.31416833333333,-71.09890999999999,37.3,327027.2249306411,4686792.285070635,19,T
1663939785.251882,0,48585,0,GPS1_Frame,42.31417499999999,-71.09891999999999,37.1,327026.4190523247,4686793.045684481,19,T
1663939786.2315702,0,48586,0,GPS1_Frame,42.31418166666667,-71.09893000000001,37.0,327025.6131741845,4686793.806298426,19,T
1663939787.2515674,0,48587,0,GPS1_Frame,42.314186666666664,-71.09894,36.9,327024.8027300694,4686794.381842372,19,T
1663939788.252846,0,48588,0,GPS1_Frame,42.314191666666666,-71.09895,36.9,327023.99228608573,4686794.9573864145,19,T
1663939789.2316854,0,48589,0,GPS1_Frame,42.31419833333333,-71.09896,37.0,327023.1864084289,4686795.718000652,19,T
1663939790.230679,0,48590,0,GPS1_Frame,42.314204999999994,-71.09897,36.9,327022.38053095015,4686796.47861499,19,T
1663939791.2321403,0,48591,0,GPS1_Frame,42.31421333333333,-71.09898166666667,36.9,327021.4418628594,4686797.427688542,19,T
1663939792.231706,0,48592,0,GPS1_Frame,42.314218333333336,-71.09899166666668,36.7,327020.6314195014,4686798.003232997,19,T
1663939793.231848,0,48593,0,GPS1_Frame,42.314225,-71.09900166666667,36.6,327019.8255425653,4686798.763847646,19,T
1663939794.232962,0,48594,0,GPS1_Frame,42.314231666666664,-71.09901166666667,36.5,327019.01966580533,4686799.5244623935,19,T
1663939795.2322953,0,48595,0,GPS1_Frame,42.314238333333336,-71.09902333333334,36.4,327018.0764322472,4686800.288466327,19,T
1663939796.2307632,0,48596,0,GPS1_Frame,42.31424666666667,-71.09903333333334,36.6,327017.27512221294,4686801.2341513885,19,T
1663939797.2334301,0,48597,0,GPS1_Frame,42.31425333333333,-71.09904333333334,36.5,327016.4692460159,4686801.994766449,19,T
1663939798.2321954,0,48598,0,GPS1_Frame,42.31426166666667,-71.09905333333333,36.5,327015.66793640313,4686802.94045171,19,T
1663939799.2335563,0,48599,0,GPS1_Frame,42.31427,-71.09906333333333,36.5,327014.86662701133,4686803.886137067,19,T
1663939800.23258,0,48600,0,GPS1_Frame,42.31427999999999,-71.09907333333334,36.4,327014.06988428975,4686805.016892624,19,T
1663939801.2341347,0,48601,0,GPS1_Frame,42.314286666666675,-71.099085,36.4,327013.12665202114,4686805.780897268,19,T
1663939802.2336085,0,48602,0,GPS1_Frame,42.314294999999994,-71.099095,36.4,327012.32534330816,4686806.72658294,19,T
1663939803.253598,0,48603,0,GPS1_Frame,42.31430333333333,-71.099105,36.3,327011.52403481817,4686807.672268711,19,T
1663939804.2326288,0,48604,0,GPS1_Frame,42.31431333333333,-71.099115,36.3,327010.7272930922,4686808.803024684,19,T
1663939805.2330544,0,48605,0,GPS1_Frame,42.31432333333334,-71.099125,36.2,327009.9305516343,4686809.93378076,19,T
1663939806.231029,0,48606,0,GPS1_Frame,42.314331666666675,-71.09913499999999,36.2,327009.1292438523,4686810.87946683,19,T
1663939807.2533886,0,48607,0,GPS1_Frame,42.314339999999994,-71.09914333333333,36.2,327008.46529304073,4686811.821763718,19,T
1663939808.2320752,0,48608,0,GPS1_Frame,42.31434833333333,-71.09915166666666,36.1,327007.8013424182,4686812.764060674,19,T
1663939809.2522156,0,48609,0,GPS1_Frame,42.31435666666666,-71.09916,36.0,327007.13739197643,4686813.7063577,19,T
1663939810.252481,0,48610,0,GPS1_Frame,42.314364999999995,-71.09916666666666,35.9,327006.6107984189,4686814.645265475,19,T
1663939811.23218,0,48611,0,GPS1_Frame,42.314375000000005,-71.099175,35.9,327005.9514150139,4686815.772632733,19,T
1663939812.2321737,0,48612,0,GPS1_Frame,42.314384999999994,-71.09918166666667,35.9,327005.4293884835,4686816.896610713,19,T
1663939813.2344558,0,48613,0,GPS1_Frame,42.314395,-71.09918833333333,35.8,327004.90736213245,4686818.020588741,19,T
1663939814.2516096,0,48614,0,GPS1_Frame,42.31440333333333,-71.09919666666666,35.8,327004.24341262126,4686818.962886075,19,T
1663939815.252347,0,48615,0,GPS1_Frame,42.31441499999999,-71.09920333333334,35.9,327003.7259533814,4686820.271934308,19,T
1663939816.2323678,0,48616,0,GPS1_Frame,42.314425,-71.09921,35.8,327003.20392759005,4686821.395912484,19,T
1663939817.2319677,0,48617,0,GPS1_Frame,42.314435,-71.09921666666668,35.8,327002.68190197786,4686822.519890707,19,T
1663939818.2526977,0,48618,0,GPS1_Frame,42.31444666666666,-71.09922333333334,35.8,327002.1644433377,4686823.82893908,19,T
1663939819.2342582,0,48619,0,GPS1_Frame,42.314456666666665,-71.09922833333333,35.6,327001.77977460006,4686824.949527971,19,T
1663939820.232244,0,48620,0,GPS1_Frame,42.314466666666675,-71.099235,35.5,327001.2577495215,4686826.07350632,19,T
1663939821.252646,0,48621,0,GPS1_Frame,42.314474999999995,-71.09924166666666,35.5,327000.7311577869,4686827.012414602,19,T
1663939822.2516203,0,48622,0,GPS1_Frame,42.314485,-71.09924833333334,35.5,327000.2091330495,4686828.136393042,19,T
1663939823.250877,0,48623,0,GPS1_Frame,42.31448999999999,-71.09925833333334,35.5,326999.3986950398,4686828.711940131,19,T
1663939824.2503843,0,48624,0,GPS1_Frame,42.314478333333334,-71.09927833333333,35.2,326997.7184495047,4686827.457123187,19,T
1663939825.2506232,0,48625,0,GPS1_Frame,42.31447,-71.099295,34.9,326996.322050223,4686826.565667786,19,T
1663939826.2303066,0,48626,0,GPS1_Frame,42.31447166666667,-71.09931,34.8,326995.0904089708,4686826.781243754,19,T
1663939827.2337062,0,48627,0,GPS1_Frame,42.31447333333334,-71.09932333333333,34.8,326993.9961242437,4686826.993430366,19,T
1663939828.233336,0,48628,0,GPS1_Frame,42.314474999999995,-71.09933500000001,34.9,326993.0391960353,4686827.202227554,19,T
1663939829.253978,0,48629,0,GPS1_Frame,42.314478333333334,-71.09934666666666,35.1,326992.0868349414,4686827.596094987,19,T
1663939830.2524683,0,48630,0,GPS1_Frame,42.31448166666667,-71.09935833333334,35.3,326991.134473949,4686827.989962553,19,T
1663939831.254274,0,48631,0,GPS1_Frame,42.314485,-71.09937,35.5,326990.18211306015,4686828.383830249,19,T
1663939832.2541223,0,48632,0,GPS1_Frame,42.31448833333334,-71.09938333333334,35.7,326989.0923958401,4686828.781087749,19,T
1663939833.2328966,0,48633,0,GPS1_Frame,42.31449333333333,-71.099395,35.9,326988.14460233017,4686829.36002584,19,T
1663939834.2518342,0,48634,0,GPS1_Frame,42.314498333333326,-71.09940499999999,36.0,326987.3341653844,4686829.935574357,19,T
1663939835.2335534,0,48635,0,GPS1_Frame,42.31450499999999,-71.099415,36.1,326986.52829578344,4686830.696193084,19,T
1663939836.2535076,0,48636,0,GPS1_Frame,42.314508333333336,-71.09942500000001,36.3,326985.71329188335,4686831.086671688,19,T
1663939837.255604,0,48637,0,GPS1_Frame,42.31451333333333,-71.09943333333334,36.4,326985.04021170887,4686831.658830746,19,T
1663939838.2548044,0,48638,0,GPS1_Frame,42.31451666666667,-71.09944333333333,36.4,326984.22520800016,4686832.049309529,19,T
1663939839.2326772,0,48639,0,GPS1_Frame,42.314519999999995,-71.09945166666667,36.4,326983.54756074096,4686832.436398624,19,T
1663939840.232292,0,48640,0,GPS1_Frame,42.314525,-71.09946,36.5,326982.87448086974,4686833.0085579045,19,T
1663939841.23261,0,48641,0,GPS1_Frame,42.31452833333333,-71.09946833333333,36.6,326982.1968337747,4686833.3956471365,19,T
1663939842.2322452,0,48642,0,GPS1_Frame,42.31453,-71.09947333333334,36.6,326981.78933208407,4686833.590886687,19,T
1663939843.2339852,0,48643,0,GPS1_Frame,42.31452833333333,-71.09947333333334,36.6,326981.78476473957,4686833.405816574,19,T
1663939844.2317433,0,48644,0,GPS1_Frame,42.31452833333333,-71.09947166666667,36.6,326981.92212108173,4686833.402426759,19,T
1663939845.231593,0,48645,0,GPS1_Frame,42.31452833333333,-71.09947166666667,36.6,326981.92212108173,4686833.402426759,19,T
1663939846.2327328,0,48646,0,GPS1_Frame,42.31452833333333,-71.09947166666667,36.6,326981.92212108173,4686833.402426759,19,T
1663939847.2323642,0,48647,0,GPS1_Frame,42.31452833333333,-71.09947166666667,36.6,326981.92212108173,4686833.402426759,19,T
1663939848.23224,0,48648,0,GPS1_Frame,42.31452833333333,-71.09947166666667,36.6,326981.92212108173,4686833.402426759,19,T
1663939849.232324,0,48649,0,GPS1_Frame,42.31452833333333,-71.09947166666667,36.6,326981.92212108173,4686833.402426759,19,T
1663939850.2316525,0,48650,0,GPS1_Frame,42.31452833333333,-71.099475,36.5,326981.6474083931,4686833.409206392,19,T
1663939851.233461,0,48651,0,GPS1_Frame,42.31453,-71.09947666666667,36.4,326981.5146193984,4686833.597666325,19,T
1663939852.2326815,0,48652,0,GPS1_Frame,42.31452833333333,-71.09947666666667,36.4,326981.5100520466,4686833.412596213,19,T
1663939853.2324824,0,48653,0,GPS1_Frame,42.31452833333333,-71.09947666666667,36.4,326981.5100520466,4686833.412596213,19,T
1663939854.2537615,0,48654,0,GPS1_Frame,42.31452833333333,-71.09947666666667,36.4,326981.5100520466,4686833.412596213,19,T
1663939855.2332287,0,48655,0,GPS1_Frame,42.31452833333333,-71.09947666666667,36.4,326981.5100520466,4686833.412596213,19,T
1663939856.232686,0,48656,0,GPS1_Frame,42.31452833333333,-71.09947666666667,36.4,326981.5100520466,4686833.412596213,19,T
1663939857.2327397,0,48657,0,GPS1_Frame,42.31453333333334,-71.09948166666666,36.9,326981.1116850997,4686833.977976029,19,T
1663939858.251318,0,48658,0,GPS1_Frame,42.31454166666667,-71.09949166666667,37.3,326980.31038402,4686834.923665623,19,T
1663939859.2516875,0,48659,0,GPS1_Frame,42.314553333333336,-71.099505,37.5,326979.24350539513,4686836.246275271,19,T
1663939860.233794,0,48660,0,GPS1_Frame,42.31456333333334,-71.09951666666666,37.6,326978.30941600597,4686837.380425096,19,T
1663939861.250779,0,48661,0,GPS1_Frame,42.31457333333333,-71.09952833333334,37.8,326977.3753269263,4686838.514575055,19,T
1663939862.2322013,0,48662,0,GPS1_Frame,42.31458333333333,-71.09953999999999,37.9,326976.44123815827,4686839.64872515,19,T
1663939863.2303262,0,48663,0,GPS1_Frame,42.31459333333334,-71.09955333333333,38.1,326975.369793492,4686840.786265326,19,T
1663939864.2309816,0,48664,0,GPS1_Frame,42.31460333333333,-71.09956666666668,38.2,326974.2983491786,4686841.923805676,19,T
1663939865.2498024,0,48665,0,GPS1_Frame,42.314613333333334,-71.09957666666666,38.3,326973.5016175426,4686843.05456623,19,T
1663939866.2499318,0,48666,0,GPS1_Frame,42.31462333333334,-71.09958833333333,38.4,326972.5675300321,4686844.188716885,19,T
1663939867.2330437,0,48667,0,GPS1_Frame,42.31463166666667,-71.09959833333333,38.5,326971.76623132406,4686845.134407535,19,T
1663939868.2513068,0,48668,0,GPS1_Frame,42.31463999999999,-71.09960833333334,38.6,326970.96493283694,4686846.080098286,19,T
1663939869.2310634,0,48669,0,GPS1_Frame,42.31465,-71.09961666666666,38.7,326970.30555832025,4686847.207469205,19,T
1663939870.2310588,0,48670,0,GPS1_Frame,42.314658333333334,-71.09962333333333,38.7,326969.77897240664,4686848.146380012,19,T
1663939871.2528596,0,48671,0,GPS1_Frame,42.31466666666667,-71.09962833333334,38.8,326969.38974268397,4686849.081900794,19,T
1663939872.2523773,0,48672,0,GPS1_Frame,42.31467333333333,-71.09963333333333,38.9,326968.9959453701,4686849.832351485,19,T
1663939873.2319136,0,48673,0,GPS1_Frame,42.314681666666665,-71.09964,38.7,326968.469359851,4686850.771262405,19,T
1663939874.2508075,0,48674,0,GPS1_Frame,42.314691666666675,-71.09965000000001,38.6,326967.6726302324,4686851.9020236945,19,T
1663939875.2513523,0,48675,0,GPS1_Frame,42.314703333333334,-71.09966,38.4,326966.88046864816,4686853.2178552,19,T
1663939876.2504964,0,48676,0,GPS1_Frame,42.31471499999999,-71.09967166666667,38.4,326965.95095143403,4686854.5370769445,19,T
1663939877.230339,0,48677,0,GPS1_Frame,42.314726666666665,-71.09968166666665,38.2,326965.1587904984,4686855.852908669,19,T
1663939878.2307937,0,48678,0,GPS1_Frame,42.314736666666676,-71.09969166666666,37.9,326964.36206203606,4686856.983670374,19,T
1663939879.231908,0,48679,0,GPS1_Frame,42.314744999999995,-71.0997,37.6,326963.69812185114,4686857.925971872,19,T
1663939880.2516565,0,48680,0,GPS1_Frame,42.31475333333333,-71.09970833333334,37.3,326963.0341818511,4686858.868273436,19,T
1663939881.2518566,0,48681,0,GPS1_Frame,42.31476166666666,-71.09971833333334,37.0,326962.2328861997,4686859.813965285,19,T
1663939882.2521377,0,48682,0,GPS1_Frame,42.314771666666665,-71.09972666666665,36.8,326961.57351450913,4686860.941337127,19,T
1663939883.2534351,0,48683,0,GPS1_Frame,42.314780000000006,-71.09973666666666,36.6,326960.77221930405,4686861.887029161,19,T
1663939884.2324107,0,48684,0,GPS1_Frame,42.314789999999995,-71.09974666666668,36.4,326959.97549227846,4686863.017791414,19,T
1663939885.2524803,0,48685,0,GPS1_Frame,42.31479833333333,-71.099755,36.2,326959.3115532986,4686863.960093369,19,T
1663939886.2519631,0,48686,0,GPS1_Frame,42.31480833333333,-71.09976499999999,36.0,326958.51482676505,4686865.090855806,19,T
1663939887.2518156,0,48687,0,GPS1_Frame,42.31481833333334,-71.099775,36.0,326957.71810049564,4686866.221618345,19,T
1663939888.2312043,0,48688,0,GPS1_Frame,42.31482833333333,-71.09978333333333,35.8,326957.05873018794,4686867.348990659,19,T
1663939889.2507818,0,48689,0,GPS1_Frame,42.314838333333334,-71.09979333333334,35.7,326956.262004429,4686868.4797533825,19,T
1663939890.2296622,0,48690,0,GPS1_Frame,42.31484666666667,-71.09980333333333,35.8,326955.46071084705,4686869.425446079,19,T
1663939891.2324724,0,48691,0,GPS1_Frame,42.31485666666667,-71.09980999999999,35.8,326954.93869686616,4686870.549428264,19,T
1663939892.2310362,0,48692,0,GPS1_Frame,42.31486666666667,-71.09982,35.8,326954.1419718396,4686871.680191252,19,T
1663939893.229055,0,48693,0,GPS1_Frame,42.31487666666667,-71.09982833333333,36.0,326953.48260267,4686872.807563947,19,T
1663939894.2289746,0,48694,0,GPS1_Frame,42.31488833333333,-71.099835,36.1,326952.9651574538,4686874.116616428,19,T
1663939895.2297468,0,48695,0,GPS1_Frame,42.31489666666666,-71.09984333333334,36.2,326952.301220542,4686875.058919121,19,T
1663939896.2291129,0,48696,0,GPS1_Frame,42.314903333333326,-71.09985166666667,36.2,326951.6327156177,4686875.816151756,19,T
1663939897.2312713,0,48697,0,GPS1_Frame,42.31491166666667,-71.09986,36.3,326950.9687790567,4686876.758454589,19,T
1663939898.2312584,0,48698,0,GPS1_Frame,42.31492,-71.09986833333333,36.2,326950.3048426847,4686877.7007574905,19,T
1663939899.2311723,0,48699,0,GPS1_Frame,42.314928333333334,-71.09987666666666,36.1,326949.6409064954,4686878.643060461,19,T
1663939900.2298844,0,48700,0,GPS1_Frame,42.31493666666667,-71.099885,36.1,326948.9769704909,4686879.585363501,19,T
1663939901.230342,0,48701,0,GPS1_Frame,42.31494333333333,-71.099895,36.2,326948.1711109291,4686880.345986982,19,T
1663939902.2299736,0,48702,0,GPS1_Frame,42.314951666666666,-71.09990333333333,36.2,326947.50717529346,4686881.288290174,19,T
1663939903.23181,0,48703,0,GPS1_Frame,42.314961666666676,-71.09991,36.2,326946.9851635862,4686882.412273038,19,T
1663939904.2510843,0,48704,0,GPS1_Frame,42.314973333333334,-71.09991833333333,36.3,326946.3303650262,4686883.724716614,19,T
1663939905.2314813,0,48705,0,GPS1_Frame,42.31498333333334,-71.09992666666668,36.4,326945.67099835316,4686884.852090133,19,T
1663939906.2307377,0,48706,0,GPS1_Frame,42.314996666666666,-71.09993333333334,36.5,326945.1581240152,4686886.346213415,19,T
1663939907.2318406,0,48707,0,GPS1_Frame,42.315006666666676,-71.09994,36.4,326944.6361131148,4686887.4701964855,19,T
1663939908.2510455,0,48708,0,GPS1_Frame,42.315016666666665,-71.09994833333333,36.4,326943.97674710664,4686888.597570186,19,T
1663939909.2309105,0,48709,0,GPS1_Frame,42.315035,-71.09995,36.7,326943.88964450994,4686890.636732224,19,T
1663939910.2503183,0,48710,0,GPS1_Frame,42.31504499999999,-71.09995833333333,36.8,326943.23027895764,4686891.764106014,19,T
1663939911.2497478,0,48711,0,GPS1_Frame,42.315055,-71.09996666666666,36.9,326942.57091362606,4686892.891479876,19,T
1663939912.231247,0,48712,0,GPS1_Frame,42.315066666666674,-71.09997333333334,36.9,326942.0534721777,4686894.200533306,19,T
1663939913.2273443,0,48713,0,GPS1_Frame,42.31507833333333,-71.09998,36.9,326941.5360309416,4686895.509586784,19,T
1663939914.2298377,0,48714,0,GPS1_Frame,42.31508166666667,-71.09998999999999,37.0,326940.72103706875,4686895.900070951,19,T
1663939915.2312605,0,48715,0,GPS1_Frame,42.315084999999996,-71.10000166666667,36.9,326939.7686881424,4686896.293945887,19,T
1663939916.2524884,0,48716,0,GPS1_Frame,42.31508833333334,-71.10001333333334,36.9,326938.8163393197,4686896.68782096,19,T
1663939917.2528968,0,48717,0,GPS1_Frame,42.31509333333334,-71.10002333333334,37.0,326938.0059143127,4686897.263375586,19,T
1663939918.2320917,0,48718,0,GPS1_Frame,42.3151,-71.10003333333334,37.2,326937.20005805354,4686898.0240004435,19,T
1663939919.2532394,0,48719,0,GPS1_Frame,42.315106666666665,-71.10004333333333,37.3,326936.3942019705,4686898.784625399,19,T
1663939920.2336023,0,48720,0,GPS1_Frame,42.31511333333333,-71.10005166666666,37.4,326935.7257011408,4686899.541859695,19,T
1663939921.2346134,0,48721,0,GPS1_Frame,42.31511999999999,-71.10006,37.4,326935.0572004542,4686900.29909406,19,T
1663939922.2504008,0,48722,0,GPS1_Frame,42.315125,-71.10007,37.4,326934.2467761739,4686900.874649146,19,T
1663939923.2504601,0,48723,0,GPS1_Frame,42.315129999999996,-71.10007999999999,37.4,326933.43635202514,4686901.450204328,19,T
1663939924.2503986,0,48724,0,GPS1_Frame,42.31513666666667,-71.10008833333333,37.4,326932.76785177144,4686902.207438927,19,T
1663939925.2499769,0,48725,0,GPS1_Frame,42.31514333333333,-71.10009666666666,37.4,326932.0993516692,4686902.964673593,19,T
1663939926.24896,0,48726,0,GPS1_Frame,42.315149999999996,-71.100105,37.2,326931.4308517099,4686903.721908329,19,T
1663939927.2325308,0,48727,0,GPS1_Frame,42.315155000000004,-71.100115,37.2,326930.6204281213,4686904.297463856,19,T
1663939928.2312686,0,48728,0,GPS1_Frame,42.31515833333333,-71.10012833333333,37.4,326929.5307258851,4686904.694731101,19,T
1663939929.230071,0,48729,0,GPS1_Frame,42.31516166666667,-71.10014,37.4,326928.57837873755,4686905.088607619,19,T
1663939930.2528567,0,48730,0,GPS1_Frame,42.31516833333333,-71.10015,37.1,326927.7725244058,4686905.849233626,19,T
1663939931.2308156,0,48731,0,GPS1_Frame,42.31517333333333,-71.10016,37.0,326926.9621013534,4686906.424789594,19,T
1663939932.2504888,0,48732,0,GPS1_Frame,42.31517833333334,-71.10016999999999,36.8,326926.15167843254,4686907.0003456585,19,T
1663939933.2506,0,48733,0,GPS1_Frame,42.31518333333334,-71.10017833333333,36.6,326925.4786105648,4686907.572510859,19,T
1663939934.2504199,0,48734,0,GPS1_Frame,42.31518666666666,-71.100185,36.3,326924.93832876964,4686907.956215011,19,T
1663939935.231965,0,48735,0,GPS1_Frame,42.31519333333334,-71.10019333333334,36.1,326924.2698300654,4686908.713450473,19,T
1663939936.250827,0,48736,0,GPS1_Frame,42.315200000000004,-71.1002,35.9,326923.73868639814,4686909.467295002,19,T
1663939937.2511914,0,48737,0,GPS1_Frame,42.315205,-71.10020833333333,35.8,326923.06561896886,4686910.039460446,19,T
1663939938.2531235,0,48738,0,GPS1_Frame,42.31521166666666,-71.10021833333333,35.6,326922.2597658084,4686910.800087127,19,T
1663939939.2327418,0,48739,0,GPS1_Frame,42.31521833333333,-71.10022666666667,35.5,326921.5912676742,4686911.557322863,19,T
1663939940.2509465,0,48740,0,GPS1_Frame,42.31522499999999,-71.10023833333334,35.4,326920.64806001785,4686912.3213407835,19,T
1663939941.2312067,0,48741,0,GPS1_Frame,42.31523166666666,-71.10024833333334,35.5,326919.8422073856,4686913.08196776,19,T
1663939942.2298849,0,48742,0,GPS1_Frame,42.31523666666667,-71.10025833333334,35.6,326919.031785815,4686913.657524694,19,T
1663939943.2325585,0,48743,0,GPS1_Frame,42.315239999999996,-71.10027166666667,36.6,326917.9420856328,4686914.054793809,19,T
1663939944.2303598,0,48744,0,GPS1_Frame,42.31524833333333,-71.10028000000001,36.7,326917.2781574441,4686914.997100125,19,T
1663939945.2302263,0,48745,0,GPS1_Frame,42.31525499999999,-71.10028833333334,36.7,326916.60966025665,4686915.754336367,19,T
1663939946.2300422,0,48746,0,GPS1_Frame,42.31526166666666,-71.100295,36.6,326916.0785179727,4686916.508181525,19,T
1663939947.2298856,0,48747,0,GPS1_Frame,42.31526999999999,-71.10030333333334,36.5,326915.41459028044,4686917.450488035,19,T
1663939948.2313795,0,48748,0,GPS1_Frame,42.31527666666666,-71.10031166666666,36.3,326914.746093541,4686918.207724472,19,T
1663939949.2311335,0,48749,0,GPS1_Frame,42.31528333333334,-71.10032166666666,36.1,326913.94024223933,4686918.968352174,19,T
1663939950.2308362,0,48750,0,GPS1_Frame,42.315290000000005,-71.10033,36.0,326913.27174580446,4686919.72558876,19,T
1663939951.2330077,0,48751,0,GPS1_Frame,42.31529666666667,-71.10033833333334,35.8,326912.6032495168,4686920.482825417,19,T
1663939952.2313268,0,48752,0,GPS1_Frame,42.31530333333333,-71.10034666666667,35.6,326911.9347533805,4686921.240062142,19,T
1663939953.232736,0,48753,0,GPS1_Frame,42.31531,-71.10035500000001,35.4,326911.2662573872,4686921.997298936,19,T
1663939954.2507772,0,48754,0,GPS1_Frame,42.31531666666667,-71.10036333333333,35.4,326910.5977615453,4686922.7545358,19,T
1663939955.2322567,0,48755,0,GPS1_Frame,42.31532333333333,-71.100375,35.5,326909.65455660527,4686923.518555292,19,T
1663939956.2325773,0,48756,0,GPS1_Frame,42.315331666666665,-71.100385,35.6,326908.85327587905,4686924.464253761,19,T
1663939957.2323668,0,48757,0,GPS1_Frame,42.31533833333333,-71.10039666666667,35.6,326907.9100713604,4686925.2282735035,19,T
1663939958.2315948,0,48758,0,GPS1_Frame,42.31534333333334,-71.10040666666667,35.6,326907.0996521714,4686925.803831897,19,T
1663939959.251353,0,48759,0,GPS1_Frame,42.31535,-71.10041833333334,35.6,326906.15644802223,4686926.567851887,19,T
1663939960.232841,0,48760,0,GPS1_Frame,42.31535833333334,-71.10042833333334,35.8,326905.35516812385,4686927.513550786,19,T
1663939961.2513664,0,48761,0,GPS1_Frame,42.31536500000001,-71.10043666666667,35.8,326904.686673461,4686928.270788252,19,T
1663939962.2509816,0,48762,0,GPS1_Frame,42.31537,-71.10044333333333,35.6,326904.15096392797,4686928.839564246,19,T
1663939963.238202,0,48763,0,GPS1_Frame,42.315378333333335,-71.10045,35.6,326903.6243935777,4686929.778480577,19,T
1663939964.2306757,0,48764,0,GPS1_Frame,42.315385,-71.10045666666666,35.7,326903.0932538124,4686930.532326807,19,T
1663939965.2301826,0,48765,0,GPS1_Frame,42.31539333333333,-71.10046166666666,35.4,326902.7040382131,4686931.467851805,19,T
1663939966.2314084,0,48766,0,GPS1_Frame,42.3154,-71.10046833333334,35.3,326902.1728986851,4686932.221698113,19,T
1663939967.2524705,0,48767,0,GPS1_Frame,42.31540666666667,-71.100475,35.1,326901.6417592774,4686932.975544465,19,T
1663939968.2506137,0,48768,0,GPS1_Frame,42.31541333333333,-71.10048333333334,35.0,326900.9732655583,4686933.732782319,19,T
1663939969.231759,0,48769,0,GPS1_Frame,42.315419999999996,-71.10049000000001,35.0,326900.44212639955,4686934.486628771,19,T
1663939970.2511647,0,48770,0,GPS1_Frame,42.31542666666666,-71.10049833333333,34.9,326899.7736329646,4686935.243866748,19,T
1663939971.2309728,0,48771,0,GPS1_Frame,42.31543333333334,-71.10050500000001,34.8,326899.24249405693,4686935.997713302,19,T
1663939972.2313464,0,48772,0,GPS1_Frame,42.31544,-71.10051166666668,34.6,326898.71135526744,4686936.751559898,19,T
1663939973.2518938,0,48773,0,GPS1_Frame,42.315446666666666,-71.10051833333334,34.4,326898.1802165962,4686937.505406539,19,T
1663939974.25146,0,48774,0,GPS1_Frame,42.31545500000001,-71.10052333333333,34.3,326897.79100209905,4686938.44093185,19,T
1663939975.2524035,0,48775,0,GPS1_Frame,42.315464999999996,-71.10052999999999,34.2,326897.2690031234,4686939.564918868,19,T
1663939976.2468216,0,48776,0,GPS1_Frame,42.31547333333333,-71.10053666666666,34.1,326896.7424345813,4686940.503835783,19,T
1663939977.2307146,0,48777,0,GPS1_Frame,42.31548166666666,-71.10054166666667,34.0,326896.35322046507,4686941.439361189,19,T
1663939978.251388,0,48778,0,GPS1_Frame,42.31549166666667,-71.10054666666666,33.9,326895.9685762302,4686942.55995677,19,T
1663939979.232706,0,48779,0,GPS1_Frame,42.31550000000001,-71.10055333333334,33.9,326895.4420081132,4686943.4988738,19,T
1663939980.2300463,0,48780,0,GPS1_Frame,42.31550833333334,-71.10056,33.9,326894.91544014687,4686944.4377908725,19,T
1663939981.2523317,0,48781,0,GPS1_Frame,42.315515000000005,-71.10056666666667,33.8,326894.3843025145,4686945.191637838,19,T
1663939982.2487416,0,48782,0,GPS1_Frame,42.31552166666667,-71.10057166666667,33.7,326893.9905191928,4686945.942093245,19,T
1663939983.229268,0,48783,0,GPS1_Frame,42.31552833333333,-71.10057499999999,33.8,326893.73409013834,4686946.689157066,19,T
1663939984.2498188,0,48784,0,GPS1_Frame,42.31553666666667,-71.10058000000001,34.0,326893.3448768201,4686947.624682669,19,T
1663939985.2506957,0,48785,0,GPS1_Frame,42.31554333333334,-71.10058833333332,34.1,326892.67638547695,4686948.381921399,19,T
1663939986.2298589,0,48786,0,GPS1_Frame,42.31555,-71.10059500000001,34.0,326892.1452484077,4686949.135768554,19,T
1663939987.2525911,0,48787,0,GPS1_Frame,42.315556666666666,-71.10060166666668,33.9,326891.61411145667,4686949.889615755,19,T
1663939988.249162,0,48788,0,GPS1_Frame,42.31556333333333,-71.10060833333334,33.8,326891.082974624,4686950.643463,19,T
1663939989.2480445,0,48789,0,GPS1_Frame,42.315569999999994,-71.10061333333333,33.6,326890.68919199915,4686951.393918618,19,T
1663939990.2276719,0,48790,0,GPS1_Frame,42.31557666666666,-71.10061833333333,33.3,326890.29540945945,4686952.14437426,19,T
1663939991.2479513,0,48791,0,GPS1_Frame,42.31558499999999,-71.10062500000001,33.1,326889.7688428983,4686953.08329177,19,T
1663939992.227423,0,48792,0,GPS1_Frame,42.31559000000001,-71.10063166666667,32.9,326889.2331365663,4686953.652069017,19,T
1663939993.2271416,0,48793,0,GPS1_Frame,42.31559833333334,-71.10063833333334,33.1,326888.7065702741,4686954.59098662,19,T
1663939994.2288585,0,48794,0,GPS1_Frame,42.315605000000005,-71.10064166666666,33.0,326888.45014215814,4686955.338050669,19,T
1663939995.2261624,0,48795,0,GPS1_Frame,42.31561166666667,-71.10064666666668,32.8,326888.0563601056,4686956.0885064555,19,T
1663939996.2265005,0,48796,0,GPS1_Frame,42.31562,-71.10065166666666,32.6,326887.6671481513,4686957.024032424,19,T
1663939997.2247672,0,48797,0,GPS1_Frame,42.31562833333334,-71.10065666666667,32.4,326887.27793630946,4686957.959558419,19,T
1663939998.2256887,0,48798,0,GPS1_Frame,42.31563833333333,-71.10066166666667,32.5,326886.8932946102,4686959.080154595,19,T
1663939999.2260718,0,48799,0,GPS1_Frame,42.315648333333336,-71.10066666666667,32.6,326886.5086530469,4686960.200750799,19,T
1663940000.2256794,0,48800,0,GPS1_Frame,42.31565666666667,-71.10067333333333,32.4,326885.9820876664,4686961.139668638,19,T
1663940001.2260087,0,48801,0,GPS1_Frame,42.31566333333333,-71.10067833333332,32.2,326885.5883062468,4686961.890124587,19,T
1663940002.2266552,0,48802,0,GPS1_Frame,42.31567,-71.10068333333334,32.1,326885.19452491653,4686962.64058056,19,T
1663940003.2272747,0,48803,0,GPS1_Frame,42.31567666666667,-71.10068833333334,31.9,326884.80074367346,4686963.391036562,19,T
1663940004.2501714,0,48804,0,GPS1_Frame,42.31568333333333,-71.10069333333333,31.7,326884.40696252405,4686964.141492587,19,T
1663940005.2274,0,48805,0,GPS1_Frame,42.315691666666666,-71.10069833333334,31.6,326884.0177515724,4686965.077018796,19,T
1663940006.2262428,0,48806,0,GPS1_Frame,42.3157,-71.10070166666667,31.4,326883.7658945425,4686966.009153215,19,T
1663940007.2268026,0,48807,0,GPS1_Frame,42.315706666666664,-71.10070666666667,31.3,326883.3721136674,4686966.759609309,19,T
1663940008.226609,0,48808,0,GPS1_Frame,42.315715,-71.10071333333333,31.3,326882.845549255,4686967.69852742,19,T
1663940009.226488,0,48809,0,GPS1_Frame,42.31572500000001,-71.10071833333333,31.3,326882.460908907,4686968.819123894,19,T
1663940010.245332,0,48810,0,GPS1_Frame,42.31573333333334,-71.10072166666667,31.2,326882.20905225247,4686969.751258385,19,T
1663940011.2463977,0,48811,0,GPS1_Frame,42.31574333333333,-71.100725,31.1,326881.96176585136,4686970.868463046,19,T
1663940012.225753,0,48812,0,GPS1_Frame,42.31575333333333,-71.10072833333334,31.3,326881.7144795448,4686971.985667723,19,T
1663940013.246023,0,48813,0,GPS1_Frame,42.31576166666667,-71.10073166666666,31.0,326881.4626231348,4686972.91780225,19,T
1663940014.2259583,0,48814,0,GPS1_Frame,42.31577000000001,-71.10072833333334,30.8,326881.76018140855,4686973.836369333,19,T
1663940015.2259123,0,48815,0,GPS1_Frame,42.31577833333334,-71.100725,30.7,326882.05773961125,4686974.754936428,19,T
1663940016.225172,0,48816,0,GPS1_Frame,42.31578666666666,-71.10072,30.3,326882.4926513614,4686975.670111684,19,T
1663940017.2307742,0,48817,0,GPS1_Frame,42.3158,-71.10072,30.8,326882.52921272954,4686977.1506729815,19,T
1663940018.2441936,0,48818,0,GPS1_Frame,42.315808333333344,-71.10072166666667,30.7,326882.41471002216,4686978.07941564,19,T
1663940019.2450156,0,48819,0,GPS1_Frame,42.31581500000001,-71.100725,30.6,326882.1582836197,4686978.826479991,19,T
1663940020.225395,0,48820,0,GPS1_Frame,42.31582333333334,-71.10072833333334,30.6,326881.9064274713,4686979.758614518,19,T
1663940021.244916,0,48821,0,GPS1_Frame,42.31583166666666,-71.10073333333334,30.6,326881.5172178784,4686980.694140922,19,T
1663940022.2237115,0,48822,0,GPS1_Frame,42.315841666666664,-71.10073666666668,30.6,326881.2699321101,4686981.811345642,19,T
1663940023.2240257,0,48823,0,GPS1_Frame,42.31585166666667,-71.10074,30.5,326881.0226464362,4686982.928550376,19,T
1663940024.2446315,0,48824,0,GPS1_Frame,42.31586666666667,-71.10074166666666,30.2,326880.9264249772,4686984.597573731,19,T
1663940025.2438428,0,48825,0,GPS1_Frame,42.315875000000005,-71.10074666666667,29.9,326880.53721583355,4686985.533100209,19,T
1663940026.2444139,0,48826,0,GPS1_Frame,42.31588833333333,-71.10075166666667,29.8,326880.16171754675,4686987.023837208,19,T
1663940027.246261,0,48827,0,GPS1_Frame,42.31590500000001,-71.10075833333333,29.7,326879.6580066056,4686988.888106475,19,T
1663940028.2257824,0,48828,0,GPS1_Frame,42.315915,-71.10076833333332,29.8,326878.8613081783,4686990.018878969,19,T
1663940029.2458344,0,48829,0,GPS1_Frame,42.315918333333336,-71.10077666666666,29.8,326878.1836821077,4686990.405978962,19,T
1663940030.224359,0,48830,0,GPS1_Frame,42.31592166666666,-71.100785,29.9,326877.50605611,4686990.79307902,19,T
1663940031.2251189,0,48831,0,GPS1_Frame,42.31592666666667,-71.10079333333333,29.8,326876.8330005277,4686991.365249316,19,T
1663940032.2455802,0,48832,0,GPS1_Frame,42.315935,-71.10079999999999,30.1,326876.3064390718,4686992.304168033,19,T
1663940033.2501752,0,48833,0,GPS1_Frame,42.31594,-71.10080500000001,30.4,326875.90809029574,4686992.869554474,19,T
1663940034.2281206,0,48834,0,GPS1_Frame,42.31594666666667,-71.10081,30.5,326875.514311971,4686993.62001111,19,T
1663940035.249842,0,48835,0,GPS1_Frame,42.31595333333333,-71.10081666666666,30.6,326874.98318048334,4686994.373859772,19,T
1663940036.2471123,0,48836,0,GPS1_Frame,42.31595666666667,-71.100825,30.7,326874.30555504555,4686994.760960161,19,T
1663940037.2273684,0,48837,0,GPS1_Frame,42.31596166666667,-71.10083166666666,30.8,326873.7698533474,4686995.329738755,19,T
1663940038.2460396,0,48838,0,GPS1_Frame,42.31596833333333,-71.10083833333333,30.8,326873.2387221837,4686996.083587561,19,T
1663940039.2495584,0,48839,0,GPS1_Frame,42.315974999999995,-71.10084166666667,30.8,326872.9822975489,4686996.830652316,19,T
1663940040.2486591,0,48840,0,GPS1_Frame,42.31598333333333,-71.10084499999999,30.7,326872.73044343444,4686997.762787252,19,T
1663940041.230624,0,48841,0,GPS1_Frame,42.31598999999999,-71.10084833333333,30.6,326872.4740189282,4686998.509852031,19,T
1663940042.2502334,0,48842,0,GPS1_Frame,42.31599666666666,-71.10085333333333,30.4,326872.08024132415,4686999.260308886,19,T
1663940043.230081,0,48843,0,GPS1_Frame,42.31600166666667,-71.10085666666667,30.2,326871.81924646616,4686999.822303528,19,T
1663940044.236111,0,48844,0,GPS1_Frame,42.316008333333336,-71.100855,29.8,326871.97488154826,4687000.559192137,19,T
1663940045.230855,0,48845,0,GPS1_Frame,42.316015,-71.100855,29.7,326871.9931634855,4687001.299472815,19,T
1663940046.2299204,0,48846,0,GPS1_Frame,42.316021666666664,-71.10085666666667,29.6,326871.8740923212,4687002.043145561,19,T
1663940047.294147,0,48847,0,GPS1_Frame,42.31602833333333,-71.10086166666666,29.5,326871.4803150077,4687002.793602458,19,T
1663940048.230574,0,48848,0,GPS1_Frame,42.316033333333344,-71.10086500000001,29.4,326871.21932035027,4687003.355597133,19,T
1663940049.2314107,0,48849,0,GPS1_Frame,42.31604000000001,-71.10086833333334,29.3,326870.9628962534,4687004.102661983,19,T
1663940050.2299483,0,48850,0,GPS1_Frame,42.31604833333334,-71.10087166666668,29.3,326870.7110427406,4687005.034797017,19,T
1663940051.2301204,0,48851,0,GPS1_Frame,42.316055000000006,-71.10087333333333,29.2,326870.5919718079,4687005.778469795,19,T
1663940052.2300987,0,48852,0,GPS1_Frame,42.31606166666667,-71.10087666666666,29.2,326870.3355478834,4687006.525534677,19,T
1663940053.2309904,0,48853,0,GPS1_Frame,42.316068333333334,-71.10088333333333,29.0,326869.8044180166,4687007.279383793,19,T
1663940054.2505307,0,48854,0,GPS1_Frame,42.316075,-71.10088833333333,29.0,326869.4106412539,4687008.029840829,19,T
1663940055.2310898,0,48855,0,GPS1_Frame,42.31608166666667,-71.10089333333333,28.9,326869.0168645827,4687008.780297892,19,T
1663940056.2309613,0,48856,0,GPS1_Frame,42.31608666666666,-71.10089833333333,28.9,326868.6185174155,4687009.345684807,19,T
1663940057.230699,0,48857,0,GPS1_Frame,42.31609166666667,-71.10090333333332,28.9,326868.2201703148,4687009.911071748,19,T
1663940058.2306576,0,48858,0,GPS1_Frame,42.316098333333336,-71.10090833333334,28.8,326867.82639388856,4687010.661528885,19,T
1663940059.2316802,0,48859,0,GPS1_Frame,42.31610333333333,-71.10091166666666,28.8,326867.56539985863,4687011.223523716,19,T
1663940060.2307177,0,48860,0,GPS1_Frame,42.31610833333334,-71.100915,28.7,326867.3044058736,4687011.785518559,19,T
1663940061.2493207,0,48861,0,GPS1_Frame,42.316115,-71.10091666666668,28.7,326867.1853354656,4687012.529191415,19,T
1663940062.2500477,0,48862,0,GPS1_Frame,42.31612,-71.10092,28.7,326866.9243415691,4687013.091186275,19,T
1663940063.2304938,0,48863,0,GPS1_Frame,42.31612499999999,-71.100925,28.6,326866.5259948339,4687013.656573324,19,T
1663940064.2496343,0,48864,0,GPS1_Frame,42.316131666666664,-71.10092833333333,28.7,326866.26957169245,4687014.403638386,19,T
1663940065.2303667,0,48865,0,GPS1_Frame,42.31613833333334,-71.10093333333333,28.7,326865.8757957568,4687015.154095654,19,T
1663940066.2295632,0,48866,0,GPS1_Frame,42.31614666666666,-71.10093666666667,28.5,326865.62394342455,4687016.086230917,19,T
1663940067.2303183,0,48867,0,GPS1_Frame,42.316153333333325,-71.10094000000001,28.4,326865.3675204824,4687016.833296019,19,T
1663940068.249425,0,48868,0,GPS1_Frame,42.31616,-71.100945,28.3,326864.9737447994,4687017.583753346,19,T
1663940069.2294471,0,48869,0,GPS1_Frame,42.31616833333332,-71.10095,28.1,326864.58453991066,4687018.519280871,19,T
1663940070.2490776,0,48870,0,GPS1_Frame,42.316176666666664,-71.10095333333334,27.9,326864.33268790354,4687019.451416197,19,T
1663940071.230088,0,48871,0,GPS1_Frame,42.31618333333333,-71.10095833333334,27.9,326863.9389124949,4687020.201873592,19,T
1663940072.2507222,0,48872,0,GPS1_Frame,42.316190000000006,-71.10096333333333,27.7,326863.5451371799,4687020.952331013,19,T
1663940073.2303088,0,48873,0,GPS1_Frame,42.316198333333325,-71.10096833333334,27.6,326863.1559326954,4687021.887858634,19,T
1663940074.2306328,0,48874,0,GPS1_Frame,42.316205000000004,-71.10097333333333,27.5,326862.7621575684,4687022.638316106,19,T
1663940075.2507803,0,48875,0,GPS1_Frame,42.31621166666667,-71.10097833333333,27.4,326862.36838253075,4687023.388773604,19,T
1663940076.248794,0,48876,0,GPS1_Frame,42.31621833333334,-71.10098166666667,27.2,326862.1119602611,4687024.135838851,19,T
1663940077.2493854,0,48877,0,GPS1_Frame,42.316225,-71.10098500000001,27.0,326861.8555380476,4687024.882904111,19,T
1663940078.2283087,0,48878,0,GPS1_Frame,42.31623166666667,-71.10099,26.9,326861.461763249,4687025.633361668,19,T
1663940079.2497468,0,48879,0,GPS1_Frame,42.31623833333333,-71.10099666666666,26.7,326860.93063590664,4687026.387211546,19,T
1663940080.249863,0,48880,0,GPS1_Frame,42.316248333333334,-71.10099833333334,26.6,326860.820708175,4687027.501024912,19,T
1663940081.2301784,0,48881,0,GPS1_Frame,42.31625666666667,-71.10100166666666,26.5,326860.56885707506,4687028.433160409,19,T
1663940082.2283356,0,48882,0,GPS1_Frame,42.31626833333333,-71.10100666666668,26.4,326860.18879514834,4687029.738828587,19,T
1663940083.2527175,0,48883,0,GPS1_Frame,42.31627666666667,-71.10101,26.3,326859.936944237,4687030.670964113,19,T
1663940084.2442183,0,48884,0,GPS1_Frame,42.316285,-71.10101333333334,26.1,326859.68509339774,4687031.603099653,19,T
1663940085.226469,0,48885,0,GPS1_Frame,42.316295000000004,-71.101015,25.9,326859.57516601007,4687032.716913055,19,T
1663940086.2466135,0,48886,0,GPS1_Frame,42.31630499999999,-71.10101833333333,25.6,326859.32788618095,4687033.834118791,19,T
1663940087.2511795,0,48887,0,GPS1_Frame,42.316311666666664,-71.10102333333333,25.4,326858.93411222287,4687034.584576524,19,T
1663940088.229771,0,48888,0,GPS1_Frame,42.31632,-71.10103000000001,25.3,326858.4075567854,4687035.523496811,19,T
1663940089.2513895,0,48889,0,GPS1_Frame,42.31632833333333,-71.10103666666667,25.2,326857.88100149867,4687036.462417145,19,T
1663940090.2501252,0,48890,0,GPS1_Frame,42.316334999999995,-71.10104,25.2,326857.6245802835,4687037.2094826,19,T
1663940091.2300577,0,48891,0,GPS1_Frame,42.31634166666666,-71.10104166666666,25.1,326857.5055115392,4687037.953155694,19,T
1663940092.2281053,0,48892,0,GPS1_Frame,42.31634999999999,-71.10104500000001,25.1,326857.25366135803,4687038.885291349,19,T
1663940093.2484536,0,48893,0,GPS1_Frame,42.31635833333333,-71.10104833333334,25.2,326857.0018112532,4687039.817427015,19,T
1663940094.2280037,0,48894,0,GPS1_Frame,42.31636666666667,-71.10105166666668,25.3,326856.7499612246,4687040.749562694,19,T
1663940095.2289975,0,48895,0,GPS1_Frame,42.31637333333333,-71.10105666666666,25.2,326856.3561879807,4687041.500020597,19,T
1663940096.230467,0,48896,0,GPS1_Frame,42.316379999999995,-71.10106166666667,25.3,326855.96241482603,4687042.250478525,19,T
1663940097.2273471,0,48897,0,GPS1_Frame,42.31638833333333,-71.101065,25.3,326855.7105650464,4687043.182614252,19,T
1663940098.2273104,0,48898,0,GPS1_Frame,42.31639499999999,-71.10106833333333,25.4,326855.45414436003,4687043.929679807,19,T
1663940099.2286859,0,48899,0,GPS1_Frame,42.31640000000001,-71.10107500000001,25.6,326854.9184481781,4687044.49846004,19,T
1663940100.2480505,0,48900,0,GPS1_Frame,42.31640666666667,-71.10107833333333,25.6,326854.6620276357,4687045.245525632,19,T
1663940101.229375,0,48901,0,GPS1_Frame,42.316415000000006,-71.10108166666667,25.5,326854.41017816507,4687046.177661414,19,T
1663940102.2278178,0,48902,0,GPS1_Frame,42.31642166666667,-71.10108666666666,25.6,326854.0164055146,4687046.928119473,19,T
1663940103.2283492,0,48903,0,GPS1_Frame,42.316428333333334,-71.10109000000001,25.8,326853.75998517364,4687047.675185104,19,T
1663940104.2300112,0,48904,0,GPS1_Frame,42.316435,-71.101095,25.9,326853.36621268734,4687048.425643205,19,T
1663940105.2481444,0,48905,0,GPS1_Frame,42.31643999999999,-71.1011,25.9,326852.9678692347,4687048.991031147,19,T
1663940106.2266996,0,48906,0,GPS1_Frame,42.316448333333334,-71.10110333333334,25.7,326852.71602015744,4687049.923167009,19,T
1663940107.2270823,0,48907,0,GPS1_Frame,42.31645666666667,-71.101105,25.6,326852.60152331914,4687050.851910405,19,T
1663940108.2270396,0,48908,0,GPS1_Frame,42.316465,-71.10111,25.6,326852.2123222379,4687051.787438768,19,T
1663940109.227636,0,48909,0,GPS1_Frame,42.316471666666665,-71.101115,25.6,326851.81855017785,4687052.537896973,19,T
1663940110.2263482,0,48910,0,GPS1_Frame,42.31648,-71.10112166666666,25.5,326851.29199720203,4687053.476817888,19,T
1663940111.2267494,0,48911,0,GPS1_Frame,42.31648833333334,-71.10112666666667,25.4,326850.9027964625,4687054.412346339,19,T
1663940112.2468488,0,48912,0,GPS1_Frame,42.31649833333333,-71.10113166666666,25.6,326850.51816696726,4687055.532944999,19,T
1663940113.2490137,0,48913,0,GPS1_Frame,42.31650833333333,-71.10113666666666,25.7,326850.1335376078,4687056.653543687,19,T
1663940114.247989,0,48914,0,GPS1_Frame,42.316516666666665,-71.10114166666668,25.8,326849.7443372289,4687057.5890722135,19,T
1663940115.227682,0,48915,0,GPS1_Frame,42.316525,-71.101145,25.9,326849.4924889767,4687058.521208227,19,T
1663940116.2271717,0,48916,0,GPS1_Frame,42.31653333333334,-71.10114833333334,26.1,326849.24064079643,4687059.45334425,19,T
1663940117.2276547,0,48917,0,GPS1_Frame,42.31654,-71.10115333333333,26.3,326848.84686953994,4687060.203802651,19,T
1663940118.227715,0,48918,0,GPS1_Frame,42.31654666666667,-71.10115666666667,26.6,326848.59045033786,4687060.950868515,19,T
1663940119.2500029,0,48919,0,GPS1_Frame,42.31655333333333,-71.10116,26.7,326848.3340311941,4687061.697934394,19,T
1663940120.2273548,0,48920,0,GPS1_Frame,42.316559999999996,-71.10116333333333,26.8,326848.07761211065,4687062.4450002825,19,T
1663940121.2506387,0,48921,0,GPS1_Frame,42.31656833333333,-71.10116833333333,26.9,326847.6884123839,4687063.380528949,19,T
1663940122.2266276,0,48922,0,GPS1_Frame,42.31657833333334,-71.10117333333332,26.8,326847.3037839971,4687064.501127833,19,T
1663940123.2483187,0,48923,0,GPS1_Frame,42.31658833333333,-71.10117833333334,26.7,326846.9191557461,4687065.62172674,19,T
1663940124.228647,0,48924,0,GPS1_Frame,42.31659666666666,-71.10118666666668,26.5,326846.2552526671,4687066.564040699,19,T
1663940125.2305255,0,48925,0,GPS1_Frame,42.316604999999996,-71.10119166666667,26.4,326845.8660534497,4687067.499569487,19,T
1663940126.248982,0,48926,0,GPS1_Frame,42.31661333333333,-71.10119833333333,26.4,326845.33950252435,4687068.438490929,19,T
1663940127.2507198,0,48927,0,GPS1_Frame,42.31662166666667,-71.10120333333333,26.3,326844.9503035499,4687069.374019778,19,T
1663940128.2507813,0,48928,0,GPS1_Frame,42.31663,-71.10121000000001,26.3,326844.4237529037,4687070.312941296,19,T
1663940129.2293406,0,48929,0,GPS1_Frame,42.31664000000001,-71.101215,26.2,326844.03912549594,4687071.433540397,19,T
1663940130.2473576,0,48930,0,GPS1_Frame,42.316648333333326,-71.10122,26.2,326843.64992688847,4687072.369069332,19,T
1663940131.2489524,0,48931,0,GPS1_Frame,42.316655000000004,-71.10122666666666,26.3,326843.1188053189,4687073.122920775,19,T
1663940132.2285857,0,48932,0,GPS1_Frame,42.316663333333324,-71.10123166666668,26.2,326842.72960694064,4687074.058449767,19,T
1663940133.2462816,0,48933,0,GPS1_Frame,42.316671666666664,-71.10123666666667,26.3,326842.340408677,4687074.993978789,19,T
1663940134.2458627,0,48934,0,GPS1_Frame,42.31668,-71.10124166666667,26.2,326841.9512105258,4687075.929507835,19,T
1663940135.2282946,0,48935,0,GPS1_Frame,42.31668833333333,-71.101245,26.3,326841.69936414226,4687076.861644201,19,T
1663940136.2459278,0,48936,0,GPS1_Frame,42.316696666666665,-71.10124833333333,26.2,326841.44751783495,4687077.79378058,19,T
1663940137.2269344,0,48937,0,GPS1_Frame,42.31670666666667,-71.10125166666667,26.2,326841.2002430153,4687078.910987166,19,T
1663940138.2453701,0,48938,0,GPS1_Frame,42.31671500000001,-71.10125500000001,26.3,326840.9483968663,4687079.84312357,19,T
1663940139.226612,0,48939,0,GPS1_Frame,42.31672333333333,-71.10125833333333,26.4,326840.6965507977,4687080.7752599865,19,T
1663940140.2462041,0,48940,0,GPS1_Frame,42.31673166666666,-71.101265,26.4,326840.1700016792,4687081.714181882,19,T
1663940141.2477813,0,48941,0,GPS1_Frame,42.316739999999996,-71.10127166666666,26.4,326839.6434527114,4687082.653103826,19,T
1663940142.2283921,0,48942,0,GPS1_Frame,42.31674666666666,-71.10127666666668,26.4,326839.2496839474,4687083.4035628615,19,T
1663940143.25012,0,48943,0,GPS1_Frame,42.31675499999999,-71.10128333333334,26.4,326838.72313524154,4687084.342484881,19,T
1663940144.227543,0,48944,0,GPS1_Frame,42.316761666666665,-71.10128833333333,26.8,326838.3293666843,4687085.092943977,19,T
1663940145.2278047,0,48945,0,GPS1_Frame,42.31676833333333,-71.10129333333333,26.8,326837.93559821625,4687085.843403096,19,T
