Time,Header.seq,Header.stamp.secs,Header.stamp.nsecs,Header.frame_id,Latitude,Longitude,Altitude,UTM_easting,UTM_northing,Zone,Letter
1664214358.186295,0,63958,0,GPS1_Frame1,42.338033333333335,-71.08817333333333,1.0,4689420.531438959,327977.141226482,19,T
1664214359.166074,0,63959,0,GPS1_Frame1,42.33802333333333,-71.08817,1.0,4689419.414271461,327977.3885678369,19,T
1664214360.1658638,0,63960,0,GPS1_Frame1,42.33801,-71.08815,1.0,4689417.89324478,327978.9998707609,19,T
1664214361.1665823,0,63961,0,GPS1_Frame1,42.338,-71.08812833333333,1.0,4689416.73898804,327980.7575689202,19,T
1664214362.1634066,0,63962,0,GPS1_Frame1,42.337981666666664,-71.08812333333333,1.1,4689414.693095739,327981.1194927426,19,T
1664214363.16516,0,63963,0,GPS1_Frame1,42.33796666666667,-71.08812,1.0,4689413.020716482,327981.3532009699,19,T
1664214364.183744,0,63964,0,GPS1_Frame1,42.337955,-71.08813333333333,1.0,4689411.7521958845,327980.22294644563,19,T
1664214365.1834393,0,63965,0,GPS1_Frame1,42.337936666666664,-71.08813166666667,1.0,4689409.713047062,327980.31025995617,19,T
1664214366.1643436,0,63966,0,GPS1_Frame1,42.33791333333333,-71.08813166666667,1.0,4689407.122058064,327980.2466341688,19,T
1664214367.1656854,0,63967,0,GPS1_Frame1,42.337893333333334,-71.08813,1.0,4689404.897838614,327980.32940316165,19,T
1664214368.166195,0,63968,0,GPS1_Frame1,42.337875,-71.088125,1.0,4689402.851946341,327980.6913277443,19,T
1664214369.1659133,0,63969,0,GPS1_Frame1,42.337855,-71.088125,1.0,4689400.63109865,327980.6367915926,19,T
1664214370.1853194,0,63970,0,GPS1_Frame1,42.33783833333333,-71.088115,1.0,4689398.760161887,327981.41517768125,19,T
1664214371.1862223,0,63971,0,GPS1_Frame1,42.33782166666667,-71.08810166666666,1.0,4689396.882481832,327982.46817525005,19,T
1664214372.1677165,0,63972,0,GPS1_Frame1,42.337806666666665,-71.08808666666667,1.0,4689395.18650092,327983.6630235514,19,T
1664214373.1870627,0,63973,0,GPS1_Frame1,42.33779166666667,-71.08807666666667,1.0,4689393.500635191,327984.4459557171,19,T
1664214374.184808,0,63974,0,GPS1_Frame1,42.33777666666667,-71.088065,1.0,4689391.811397924,327985.3661938971,19,T
1664214375.1659148,0,63975,0,GPS1_Frame1,42.337765,-71.08805166666667,1.0,4689390.488930454,327986.43282721046,19,T
1664214376.1664567,0,63976,0,GPS1_Frame1,42.33775333333333,-71.08804,1.0,4689389.169834756,327987.3621552753,19,T
1664214377.1662428,0,63977,0,GPS1_Frame1,42.337741666666666,-71.08802333333334,1.0,4689387.840624474,327988.70340076485,19,T
1664214378.1661289,0,63978,0,GPS1_Frame1,42.33773166666667,-71.088015,1.0,4689386.713342846,327989.3626626342,19,T
1664214379.167455,0,63979,0,GPS1_Frame1,42.337725,-71.08801,1.0,4689385.962945649,327989.7564020944,19,T
1664214380.1678903,0,63980,0,GPS1_Frame1,42.337715,-71.08800666666667,1.0,4689384.8457787465,327990.00374708755,19,T
1664214381.1704013,0,63981,0,GPS1_Frame1,42.33770666666667,-71.088,1.0,4689383.906939426,327990.5302481031,19,T
1664214382.171334,0,63982,0,GPS1_Frame1,42.337696666666666,-71.08799166666667,1.0,4689382.779657996,327991.189510674,19,T
1664214383.1731286,0,63983,0,GPS1_Frame1,42.33769,-71.087985,1.0,4689382.02588941,327991.72055637697,19,T
1664214384.1752574,0,63984,0,GPS1_Frame1,42.33768166666667,-71.087975,1.0,4689381.080307247,327992.52166949294,19,T
1664214385.176794,0,63985,0,GPS1_Frame1,42.337673333333335,-71.08796333333333,1.0,4689380.131353714,327993.4600886649,19,T
1664214386.1774175,0,63986,0,GPS1_Frame1,42.33766333333333,-71.087945,1.0,4689378.983843893,327994.9431872391,19,T
1664214387.180104,0,63987,0,GPS1_Frame1,42.33765666666667,-71.08793,1.0,4689378.213218496,327996.16076301155,19,T
1664214388.1805234,0,63988,0,GPS1_Frame1,42.33765,-71.087915,1.0,4689377.442593319,327997.3783390467,19,T
1664214389.1818147,0,63989,0,GPS1_Frame1,42.33764333333333,-71.0879,1.0,4689376.671968362,327998.59591534245,19,T
1664214390.183992,0,63990,0,GPS1_Frame1,42.33763666666667,-71.087885,1.0,4689375.901343628,327999.8134919029,19,T
1664214391.185694,0,63991,0,GPS1_Frame1,42.337628333333335,-71.08786833333333,1.0,4689374.942277163,328001.16383055534,19,T
1664214392.1849227,0,63992,0,GPS1_Frame1,42.337621666666664,-71.08785,1.0,4689374.164910312,328002.6560195823,19,T
1664214393.184917,0,63993,0,GPS1_Frame1,42.337615,-71.08783,1.0,4689373.384172533,328004.28551489476,19,T
1664214394.185212,0,63994,0,GPS1_Frame1,42.337608333333336,-71.08781333333333,1.0,4689372.610177596,328005.640398601,19,T
1664214395.2048898,0,63995,0,GPS1_Frame1,42.337603333333334,-71.087795,1.0,4689372.01788236,328007.1371325259,19,T
1664214396.187131,0,63996,0,GPS1_Frame1,42.33759666666667,-71.087775,1.0,4689371.237145655,328008.76662879594,19,T
1664214397.209081,0,63997,0,GPS1_Frame1,42.33759166666667,-71.08775666666666,1.0,4689370.644851103,328010.26336325274,19,T
1664214398.2089283,0,63998,0,GPS1_Frame1,42.33758666666667,-71.08774,1.0,4689370.055927989,328011.62279192463,19,T
1664214399.191217,0,63999,0,GPS1_Frame1,42.337581666666665,-71.08772333333333,1.0,4689369.467005145,328012.98222081433,19,T
1664214400.1914043,0,64000,0,GPS1_Frame1,42.33757666666666,-71.087705,1.0,4689368.874711516,328014.4789559654,19,T
1664214401.2116988,0,64001,0,GPS1_Frame1,42.33757333333333,-71.08768833333333,1.0,4689368.47085987,328015.84292900376,19,T
1664214402.2127333,0,64002,0,GPS1_Frame1,42.33757166666667,-71.08766833333334,1.0,4689368.24533713,328017.48605796293,19,T
1664214403.2143419,0,64003,0,GPS1_Frame1,42.337575,-71.087655,1.0,4689368.588510525,328018.59359366377,19,T
1664214404.2134295,0,64004,0,GPS1_Frame1,42.33757666666666,-71.08763833333333,1.0,4689368.739871567,328019.971197733,19,T
1664214405.1936471,0,64005,0,GPS1_Frame1,42.337581666666665,-71.08762166666666,1.0,4689369.261374136,328021.3578888439,19,T
1664214406.1934166,0,64006,0,GPS1_Frame1,42.33758666666667,-71.08760333333333,1.0,4689369.779506083,328022.88188575784,19,T
1664214407.1943972,0,64007,0,GPS1_Frame1,42.33759333333333,-71.08758166666667,1.0,4689370.47596727,328024.6850379274,19,T
1664214408.1950521,0,64008,0,GPS1_Frame1,42.337601666666664,-71.08756,1.0,4689371.357499538,328026.4927331425,19,T
1664214409.2153041,0,64009,0,GPS1_Frame1,42.33761333333333,-71.08754166666667,1.0,4689372.615915088,328028.03490271803,19,T
1664214410.1956184,0,64010,0,GPS1_Frame1,42.337625,-71.087525,1.0,4689373.877701724,328029.4397658031,19,T
1664214411.1957564,0,64011,0,GPS1_Frame1,42.33763833333333,-71.08750833333333,1.0,4689375.324559256,328030.84917170147,19,T
1664214412.1964693,0,64012,0,GPS1_Frame1,42.337646666666664,-71.08749833333333,1.0,4689376.229688031,328031.69572362566,19,T
1664214413.1970944,0,64013,0,GPS1_Frame1,42.33764333333333,-71.087505,1.0,4689375.8730296735,328031.1374134454,19,T
1664214414.216212,0,64014,0,GPS1_Frame1,42.337645,-71.08750666666667,1.0,4689376.061471034,328031.0046508594,19,T
1664214415.1962008,0,64015,0,GPS1_Frame1,42.337648333333334,-71.08751166666667,1.0,4689376.4417245,328030.6018198259,19,T
1664214416.2154744,0,64016,0,GPS1_Frame1,42.337655,-71.08751833333334,1.0,4689377.195489997,328030.0707696337,19,T
1664214417.1966343,0,64017,0,GPS1_Frame1,42.33766,-71.08753,1.0,4689377.774297212,328029.123258624,19,T
1664214418.1973057,0,64018,0,GPS1_Frame1,42.33766,-71.08753833333333,1.0,4689377.791151099,328028.4367293167,19,T
1664214419.197005,0,64019,0,GPS1_Frame1,42.337665,-71.087545,1.0,4689378.359846144,328027.90113606356,19,T
1664214420.2169828,0,64020,0,GPS1_Frame1,42.337671666666665,-71.08754833333333,1.0,4689379.1068702545,328027.6446979868,19,T
1664214421.1983771,0,64021,0,GPS1_Frame1,42.33767666666667,-71.08754833333333,1.0,4689379.662082143,328027.6583282054,19,T
1664214422.2194273,0,64022,0,GPS1_Frame1,42.337678333333336,-71.08754833333333,1.0,4689379.847152772,328027.6628716119,19,T
1664214423.1987846,0,64023,0,GPS1_Frame1,42.33767666666667,-71.08755166666667,1.0,4689379.668823749,328027.38371655234,19,T
1664214424.219084,0,64024,0,GPS1_Frame1,42.337675,-71.08755833333333,1.0,4689379.497236364,328026.82994982414,19,T
1664214425.2203953,0,64025,0,GPS1_Frame1,42.337675,-71.08756333333334,1.0,4689379.507348826,328026.4180323355,19,T
1664214426.197343,0,64026,0,GPS1_Frame1,42.337678333333336,-71.08756833333334,1.0,4689379.887602572,328026.0152017488,19,T
1664214427.1986074,0,64027,0,GPS1_Frame1,42.33768166666667,-71.08757333333334,1.0,4689380.267856341,328025.61237120617,19,T
1664214428.196821,0,64028,0,GPS1_Frame1,42.33768333333333,-71.08757666666666,1.0,4689380.459668659,328025.34230304736,19,T
1664214429.197912,0,64029,0,GPS1_Frame1,42.33768666666667,-71.08757666666666,1.0,4689380.829809918,328025.3513899852,19,T
1664214430.1983612,0,64030,0,GPS1_Frame1,42.33769,-71.08757833333334,1.0,4689381.203322027,328025.22317112586,19,T
1664214431.1976848,0,64031,0,GPS1_Frame1,42.337693333333334,-71.08758,1.0,4689381.576834136,328025.09495228156,19,T
1664214432.1979017,0,64032,0,GPS1_Frame1,42.337693333333334,-71.08757833333334,1.0,4689381.573463286,328025.232258072,19,T
1664214433.1991465,0,64033,0,GPS1_Frame1,42.337693333333334,-71.08758,1.0,4689381.576834136,328025.09495228156,19,T
1664214434.1984158,0,64034,0,GPS1_Frame1,42.337691666666665,-71.08758166666667,1.0,4689381.39513436,328024.95310301485,19,T
1664214435.1982176,0,64035,0,GPS1_Frame1,42.337696666666666,-71.08758833333333,1.0,4689381.96382969,328024.4175103279,19,T
1664214436.198634,0,64036,0,GPS1_Frame1,42.337705,-71.08759,1.0,4689382.8925537085,328024.3029220413,19,T
1664214437.199073,0,64037,0,GPS1_Frame1,42.337711666666664,-71.087595,1.0,4689383.642948848,328023.90917879343,19,T
1664214438.1972685,0,64038,0,GPS1_Frame1,42.33772166666667,-71.0876,1.0,4689384.763485273,328023.5245226807,19,T
1664214439.199458,0,64039,0,GPS1_Frame1,42.337725,-71.087605,1.0,4689385.143739202,328023.1216925661,19,T
1664214440.1982195,0,64040,0,GPS1_Frame1,42.33773166666667,-71.08761166666666,1.0,4689385.897505321,328022.59064387926,19,T
1664214441.199149,0,64041,0,GPS1_Frame1,42.337735,-71.08761833333334,1.0,4689386.281130219,328022.05050818226,19,T
1664214442.1992738,0,64042,0,GPS1_Frame1,42.337735,-71.087625,1.0,4689386.294613898,328021.50128538633,19,T
1664214443.1965957,0,64043,0,GPS1_Frame1,42.33773166666667,-71.08763166666667,1.1,4689385.9379563555,328020.94297540636,19,T
1664214444.1917698,0,64044,0,GPS1_Frame1,42.33773166666667,-71.08763166666667,1.6,4689385.9379563555,328020.94297540636,19,T
1664214445.2065275,0,64045,0,GPS1_Frame1,42.337735,-71.087635,1.9,4689386.314839496,328020.67745119415,19,T
1664214446.1922958,0,64046,0,GPS1_Frame1,42.337741666666666,-71.08763333333333,1.6,4689387.051751084,328020.83293128235,19,T
1664214447.192253,0,64047,0,GPS1_Frame1,42.33775,-71.08763333333333,1.6,4689387.977104245,328020.85564927076,19,T
1664214448.2044075,0,64048,0,GPS1_Frame1,42.337756666666664,-71.08763333333333,2.3,4689388.717386774,328020.87382366415,19,T
1664214449.2069793,0,64049,0,GPS1_Frame1,42.337761666666665,-71.08763166666667,1.7,4689389.269227734,328021.02476010064,19,T
1664214450.192113,0,64050,0,GPS1_Frame1,42.337775,-71.08764,1.6,4689390.766647511,328020.3745808101,19,T
1664214451.2052348,0,64051,0,GPS1_Frame1,42.337775,-71.087645,3.3,4689390.776760372,328019.96266397514,19,T
1664214452.206681,0,64052,0,GPS1_Frame1,42.337775,-71.087645,2.5,4689390.776760372,328019.96266397514,19,T
1664214453.1904612,0,64053,0,GPS1_Frame1,42.33777666666667,-71.08764,2.5,4689390.951718144,328020.379124425,19,T
1664214454.2068794,0,64054,0,GPS1_Frame1,42.33777833333333,-71.08763666666667,2.5,4689391.130046884,328020.65827924735,19,T
1664214455.2064967,0,64055,0,GPS1_Frame1,42.337788333333336,-71.08762833333333,2.5,4689392.223615993,328021.3720688122,19,T
1664214456.1902933,0,64056,0,GPS1_Frame1,42.337785,-71.08762166666666,2.5,4689391.839991023,328021.9122039918,19,T
1664214457.1912189,0,64057,0,GPS1_Frame1,42.337786666666666,-71.08760833333334,2.5,4689391.998094382,328023.01519225433,19,T
1664214458.1906219,0,64058,0,GPS1_Frame1,42.337785,-71.0876,2.5,4689391.7961692875,328023.6971766581,19,T
1664214459.192284,0,64059,0,GPS1_Frame1,42.337785,-71.087595,2.3,4689391.786056644,328024.10909342667,19,T
1664214460.2087104,0,64060,0,GPS1_Frame1,42.337786666666666,-71.087585,2.3,4689391.950902064,328024.93747045926,19,T
1664214461.1934955,0,64061,0,GPS1_Frame1,42.337785,-71.087575,2.3,4689391.7456063125,328025.75676050154,19,T
1664214462.1923318,0,64062,0,GPS1_Frame1,42.33778,-71.087565,2.3,4689391.170169395,328026.56696368323,19,T
1664214463.1920161,0,64063,0,GPS1_Frame1,42.33778,-71.087555,2.3,4689391.149944473,328027.3907972838,19,T
1664214464.1920707,0,64064,0,GPS1_Frame1,42.337775,-71.08755333333333,2.3,4689390.591361766,328027.5144726046,19,T
1664214465.2086146,0,64065,0,GPS1_Frame1,42.33777166666667,-71.08754333333333,2.3,4689390.200995693,328028.329219464,19,T
1664214466.208399,0,64066,0,GPS1_Frame1,42.33776666666667,-71.08753166666666,2.3,4689389.622188309,328029.2767286571,19,T
1664214467.1916041,0,64067,0,GPS1_Frame1,42.33776666666667,-71.08752166666666,2.3,4689389.60196371,328030.1005624303,19,T
1664214468.1918952,0,64068,0,GPS1_Frame1,42.337765,-71.08750666666667,2.3,4689389.386556363,328031.33176976565,19,T
1664214469.193044,0,64069,0,GPS1_Frame1,42.337761666666665,-71.08749333333333,2.3,4689388.989449313,328032.4211282382,19,T
1664214470.1916804,0,64070,0,GPS1_Frame1,42.33776,-71.08747833333334,2.3,4689388.77404238,328033.6523357317,19,T
1664214471.2155776,0,64071,0,GPS1_Frame1,42.33775833333333,-71.08746333333333,1.2,4689388.558635662,328034.8835432917,19,T
1664214472.1948667,0,64072,0,GPS1_Frame1,42.337755,-71.08744833333333,1.2,4689388.158158536,328036.11020772054,19,T
1664214473.216813,0,64073,0,GPS1_Frame1,42.337745,-71.08744333333334,1.2,4689387.037622848,328036.49486557674,19,T
1664214474.192825,0,64074,0,GPS1_Frame1,42.33772666666667,-71.08744166666666,1.3,4689384.99847529,328036.5821962819,19,T
1664214475.209104,0,64075,0,GPS1_Frame1,42.337718333333335,-71.08743333333334,1.3,4689384.056269035,328037.2460090574,19,T
1664214476.2074149,0,64076,0,GPS1_Frame1,42.33771333333333,-71.08742,1.4,4689383.474092312,328038.33082553605,19,T
1664214477.188978,0,64077,0,GPS1_Frame1,42.337718333333335,-71.087405,3.6,4689383.998968967,328039.5802065259,19,T
1664214478.1884263,0,64078,0,GPS1_Frame1,42.33772166666667,-71.08739166666666,3.6,4689384.342145756,328040.6877385314,19,T
1664214479.1895516,0,64079,0,GPS1_Frame1,42.33772,-71.08739166666666,7.1,4689384.157075128,328040.68319546245,19,T
1664214480.1900415,0,64080,0,GPS1_Frame1,42.33770666666667,-71.08738833333334,7.1,4689382.6697690105,328040.9214624313,19,T
1664214481.1896381,0,64081,0,GPS1_Frame1,42.3377,-71.08738166666667,7.1,4689381.9160043495,328041.4525132837,19,T
1664214482.190802,0,64082,0,GPS1_Frame1,42.337705,-71.087365,2.3,4689382.437511055,328042.8392000415,19,T
1664214483.1864622,0,64083,0,GPS1_Frame1,42.3377,-71.08735,2.9,4689381.85196474,328044.06132297014,19,T
1664214484.1868675,0,64084,0,GPS1_Frame1,42.33770333333333,-71.087325,2.9,4689382.171549096,328046.1299954046,19,T
1664214485.1873162,0,64085,0,GPS1_Frame1,42.3377,-71.08730833333334,3.0,4689381.767703578,328047.49396728567,19,T
1664214486.187817,0,64086,0,GPS1_Frame1,42.337695,-71.08729166666667,3.0,4689381.178787702,328048.8533964623,19,T
1664214487.18646,0,64087,0,GPS1_Frame1,42.33770333333333,-71.08727,3.0,4689382.060326049,328050.6610856525,19,T
1664214488.1861207,0,64088,0,GPS1_Frame1,42.33770666666667,-71.08725166666666,3.0,4689382.393393606,328052.1805345917,19,T
1664214489.1864066,0,64089,0,GPS1_Frame1,42.33770166666667,-71.087235,3.0,4689381.804478647,328053.539963987,19,T
1664214490.193208,0,64090,0,GPS1_Frame1,42.337735,-71.08709333333333,1.4,4689385.219425869,328065.30180261424,19,T
1664214491.1934886,0,64091,0,GPS1_Frame1,42.33775333333333,-71.08697666666667,1.3,4689387.019304743,328074.9631650267,19,T
1664214492.2009416,0,64092,0,GPS1_Frame1,42.33776,-71.08687833333333,1.0,4689387.560769165,328083.0823663791,19,T
1664214493.2003722,0,64093,0,GPS1_Frame1,42.337675,-71.08679666666667,1.0,4689377.957054468,328089.5787122405,19,T
1664214494.1993537,0,64094,0,GPS1_Frame1,42.33755,-71.08673333333333,1.0,4689363.948715785,328094.4557116042,19,T
1664214495.2006335,0,64095,0,GPS1_Frame1,42.33745833333333,-71.08669833333333,1.0,4689353.6990734385,328097.08935491694,19,T
1664214496.2211452,0,64096,0,GPS1_Frame1,42.337426666666666,-71.086685,1.0,4689350.155776482,328098.1015166703,19,T
1664214497.2005346,0,64097,0,GPS1_Frame1,42.337381666666666,-71.086665,1.0,4689345.118437329,328099.62657365773,19,T
1664214498.200044,0,64098,0,GPS1_Frame1,42.337358333333334,-71.08665166666667,1.0,4689342.500493913,328100.66144537594,19,T
1664214499.2194183,0,64099,0,GPS1_Frame1,42.33732,-71.086645,1.0,4689338.230392519,328101.10621902,19,T
1664214500.2187665,0,64100,0,GPS1_Frame1,42.337313333333334,-71.086625,1.0,4689337.449678239,328102.73573270696,19,T
1664214501.2014651,0,64101,0,GPS1_Frame1,42.337313333333334,-71.08660333333333,1.0,4689337.405877515,328104.5207186255,19,T
1664214502.2194908,0,64102,0,GPS1_Frame1,42.33731,-71.086575,1.0,4689336.978459116,328106.8458484702,19,T
1664214503.2205267,0,64103,0,GPS1_Frame1,42.33731,-71.086555,1.0,4689336.938028632,328108.4935278606,19,T
1664214504.2195354,0,64104,0,GPS1_Frame1,42.33731,-71.086535,1.0,4689336.897598536,328110.1412072532,19,T
1664214505.2197685,0,64105,0,GPS1_Frame1,42.337311666666665,-71.08652,1.0,4689337.052346824,328111.3815079272,19,T
1664214506.2002165,0,64106,0,GPS1_Frame1,42.337315,-71.08650666666666,1.0,4689337.395535051,328112.4890430327,19,T
1664214507.200119,0,64107,0,GPS1_Frame1,42.33732333333333,-71.086495,1.0,4689338.297304364,328113.4728946665,19,T
1664214508.2005115,0,64108,0,GPS1_Frame1,42.337335,-71.08648,1.0,4689339.562476882,328114.7404412834,19,T
1664214509.1997778,0,64109,0,GPS1_Frame1,42.33734666666667,-71.08646166666666,1.0,4689340.8209115295,328116.28260051773,19,T
1664214510.220297,0,64110,0,GPS1_Frame1,42.337361666666666,-71.08644666666666,1.0,4689342.456225746,328117.5592281377,19,T
1664214511.2014601,0,64111,0,GPS1_Frame1,42.33738,-71.08643833333333,1.0,4689344.475157392,328118.29571122455,19,T
1664214512.2005355,0,64112,0,GPS1_Frame1,42.33739166666667,-71.08641833333333,1.0,4689345.7302238075,328119.97517520696,19,T
1664214513.1993814,0,64113,0,GPS1_Frame1,42.33741,-71.0864,1.0,4689347.728941988,328121.535495698,19,T
1664214514.2015903,0,64114,0,GPS1_Frame1,42.33741666666667,-71.08637333333333,1.0,4689348.415321704,328123.75056133774,19,T
1664214515.2010186,0,64115,0,GPS1_Frame1,42.337425,-71.08635666666666,1.0,4689349.3069859,328125.14632909646,19,T
1664214516.2213664,0,64116,0,GPS1_Frame1,42.33743,-71.08633833333333,1.0,4689349.825140301,328126.6703213434,19,T
1664214517.2209783,0,64117,0,GPS1_Frame1,42.33744,-71.08632333333334,1.0,4689350.905244486,328127.9333228145,19,T
1664214518.199319,0,64118,0,GPS1_Frame1,42.33745,-71.08630666666667,1.0,4689351.981980096,328129.3336302077,19,T
1664214519.1995738,0,64119,0,GPS1_Frame1,42.337455,-71.08628333333333,1.0,4689352.490029112,328131.2695404238,19,T
1664214520.1985452,0,64120,0,GPS1_Frame1,42.33745666666667,-71.08626666666666,1.1,4689352.641412322,328132.64714399586,19,T
1664214521.2177076,0,64121,0,GPS1_Frame1,42.33746166666667,-71.08624833333333,1.1,4689353.15956832,328134.1711348959,19,T
1664214522.1986473,0,64122,0,GPS1_Frame1,42.337468333333334,-71.08622833333334,1.0,4689353.859426588,328135.8369723373,19,T
1664214523.2001429,0,64123,0,GPS1_Frame1,42.337475,-71.08620833333333,1.0,4689354.559285241,328137.50280943257,19,T
1664214524.2198634,0,64124,0,GPS1_Frame1,42.33748333333333,-71.08619,1.0,4689355.44758349,328139.0358803695,19,T
1664214525.2012024,0,64125,0,GPS1_Frame1,42.337493333333335,-71.086175,1.0,4689356.527689826,328140.2988788771,19,T
1664214526.2206113,0,64126,0,GPS1_Frame1,42.33750166666667,-71.08616,1.0,4689357.422725772,328141.55733662593,19,T
1664214527.219495,0,64127,0,GPS1_Frame1,42.33751,-71.086145,1.1,4689358.317761934,328142.81579405064,19,T
1664214528.200372,0,64128,0,GPS1_Frame1,42.337518333333335,-71.08613,1.1,4689359.212798315,328144.0742511552,19,T
1664214529.2006423,0,64129,0,GPS1_Frame1,42.33752833333333,-71.086115,1.1,4689360.2929055225,328145.33724820195,19,T
1664214530.201064,0,64130,0,GPS1_Frame1,42.337536666666665,-71.0861,1.1,4689361.187942339,328146.595704622,19,T
1664214531.2007043,0,64131,0,GPS1_Frame1,42.337545,-71.08607666666667,1.1,4689362.0661372375,328148.54069121997,19,T
1664214532.1996093,0,64132,0,GPS1_Frame1,42.33755166666667,-71.086055,1.1,4689362.7626304375,328150.3438310856,19,T
1664214533.2004375,0,64133,0,GPS1_Frame1,42.337561666666666,-71.08603833333333,1.1,4689363.839370372,328151.74413257506,19,T
1664214534.201686,0,64134,0,GPS1_Frame1,42.33757,-71.086025,1.0,4689364.737776636,328152.86528147303,19,T
1664214535.2018275,0,64135,0,GPS1_Frame1,42.33758,-71.08601,1.0,4689365.817885368,328154.1282761536,19,T
1664214536.201284,0,64136,0,GPS1_Frame1,42.33759,-71.08599666666667,1.0,4689366.901362607,328155.25396444777,19,T
1664214537.2002826,0,64137,0,GPS1_Frame1,42.3376,-71.08598166666667,1.0,4689367.981471751,328156.5169583743,19,T
1664214538.200375,0,64138,0,GPS1_Frame1,42.33761,-71.08596833333333,1.0,4689369.064949356,328157.6426459582,19,T
1664214539.2022393,0,64139,0,GPS1_Frame1,42.33762,-71.085955,1.0,4689370.148427136,328158.7683331958,19,T
1664214540.200427,0,64140,0,GPS1_Frame1,42.33763166666667,-71.08594,1.0,4689371.413607494,328160.03586590267,19,T
1664214541.2003353,0,64141,0,GPS1_Frame1,42.33764166666667,-71.08592333333333,1.0,4689372.490349285,328161.4361641786,19,T
1664214542.2004602,0,64142,0,GPS1_Frame1,42.337651666666666,-71.08590833333334,1.0,4689373.570459493,328162.6991561551,19,T
1664214543.2010503,0,64143,0,GPS1_Frame1,42.33766,-71.08589333333333,1.0,4689374.465499309,328163.9576079465,19,T
1664214544.200016,0,64144,0,GPS1_Frame1,42.33767,-71.08587833333333,1.0,4689375.545609955,328165.2205991809,19,T
1664214545.199838,0,64145,0,GPS1_Frame1,42.33768166666667,-71.08586333333334,1.0,4689376.810791425,328166.48812976107,19,T
1664214546.2009044,0,64146,0,GPS1_Frame1,42.337691666666665,-71.08584833333333,1.0,4689377.890902506,328167.7511201898,19,T
1664214547.2196155,0,64147,0,GPS1_Frame1,42.33770166666667,-71.08583333333333,1.0,4689378.971013804,328169.0141102263,19,T
1664214548.199822,0,64148,0,GPS1_Frame1,42.337711666666664,-71.08581666666667,1.0,4689380.047757318,328170.41440561094,19,T
1664214549.199504,0,64149,0,GPS1_Frame1,42.33772166666667,-71.08580166666667,1.0,4689381.127869074,328171.6773948496,19,T
1664214550.2187192,0,64150,0,GPS1_Frame1,42.33773166666667,-71.08578666666666,1.0,4689382.207981051,328172.9403837044,19,T
1664214551.220143,0,64151,0,GPS1_Frame1,42.337741666666666,-71.08577166666667,1.0,4689383.288093246,328174.203372167,19,T
1664214552.2003694,0,64152,0,GPS1_Frame1,42.33775166666667,-71.08575833333333,1.0,4689384.371573563,328175.3290545974,19,T
1664214553.2204902,0,64153,0,GPS1_Frame1,42.337763333333335,-71.08574833333333,1.0,4689385.646860445,328176.184664923,19,T
1664214554.2200506,0,64154,0,GPS1_Frame1,42.337775,-71.08573833333334,1.0,4689386.922147423,328177.0402749502,19,T
1664214555.2208889,0,64155,0,GPS1_Frame1,42.337786666666666,-71.08572666666667,1.0,4689388.194066642,328178.03319025104,19,T
1664214556.2204003,0,64156,0,GPS1_Frame1,42.337795,-71.08571166666667,1.0,4689389.089109097,328179.2916374599,19,T
1664214557.2004948,0,64157,0,GPS1_Frame1,42.33780333333333,-71.085695,1.0,4689389.98078396,328180.6873898799,19,T
1664214558.201775,0,64158,0,GPS1_Frame1,42.33781166666667,-71.08567833333333,1.0,4689390.872459093,328182.0831419391,19,T
1664214559.199739,0,64159,0,GPS1_Frame1,42.33782166666667,-71.08566333333333,1.0,4689391.952572862,328183.34612745524,19,T
1664214560.1995504,0,64160,0,GPS1_Frame1,42.33783,-71.08564666666666,1.0,4689392.844248504,328184.7418787754,19,T
1664214561.2178602,0,64161,0,GPS1_Frame1,42.33784,-71.08563166666667,1.0,4689393.924362733,328186.0048635213,19,T
1664214562.1984112,0,64162,0,GPS1_Frame1,42.33784833333333,-71.08561666666667,1.0,4689394.819406566,328187.26330866804,19,T
1664214563.1989567,0,64163,0,GPS1_Frame1,42.33785833333334,-71.0856,1.0,4689395.896153575,328188.66359808436,19,T
1664214564.2009842,0,64164,0,GPS1_Frame1,42.33786833333333,-71.085585,1.0,4689396.9762684805,328189.9265816782,19,T
1664214565.200086,0,64165,0,GPS1_Frame1,42.337876666666666,-71.08557,1.0,4689397.87131299,328191.1850257679,19,T
1664214566.1991875,0,64166,0,GPS1_Frame1,42.337885,-71.085555,1.0,4689398.76635772,328192.44346953544,19,T
1664214567.2200353,0,64167,0,GPS1_Frame1,42.337895,-71.08553833333333,1.0,4689399.843105724,328193.8437573611,19,T
1664214568.2196586,0,64168,0,GPS1_Frame1,42.337905,-71.085525,1.0,4689400.926589055,328194.9694341321,19,T
1664214569.1998017,0,64169,0,GPS1_Frame1,42.33791166666666,-71.08550166666667,1.0,4689401.619726314,328196.9098643592,19,T
1664214570.199182,0,64170,0,GPS1_Frame1,42.337918333333334,-71.08548166666667,1.0,4689402.319599023,328198.5756836153,19,T
1664214571.2014894,0,64171,0,GPS1_Frame1,42.33792666666667,-71.08546166666666,1.0,4689403.204542728,328200.24604140536,19,T
1664214572.2182994,0,64172,0,GPS1_Frame1,42.33793333333333,-71.08544666666667,1.0,4689403.914518416,328201.49994417396,19,T
1664214573.1991937,0,64173,0,GPS1_Frame1,42.337941666666666,-71.08543333333333,1.0,4689404.812932317,328202.621080273,19,T
1664214574.2183588,0,64174,0,GPS1_Frame1,42.33795,-71.08542,1.0,4689405.711346391,328203.7422160822,19,T
1664214575.1987703,0,64175,0,GPS1_Frame1,42.33795666666666,-71.08540833333333,1.0,4689406.428057364,328204.7215076417,19,T
1664214576.1981745,0,64176,0,GPS1_Frame1,42.337963333333335,-71.08539833333333,1.0,4689407.148135801,328205.56349381735,19,T
1664214577.2171469,0,64177,0,GPS1_Frame1,42.33797,-71.08539,1.0,4689407.871581646,328206.2681746488,19,T
1664214578.2163215,0,64178,0,GPS1_Frame1,42.33798,-71.08537666666666,1.0,4689408.955066892,328207.39384820545,19,T
1664214579.1972916,0,64179,0,GPS1_Frame1,42.337986666666666,-71.085365,1.0,4689409.671778357,328208.37313893787,19,T
1664214580.1935318,0,64180,0,GPS1_Frame1,42.337995,-71.08536,1.1,4689410.587029613,328208.80774766504,19,T
1664214581.1981125,0,64181,0,GPS1_Frame1,42.33800333333333,-71.08535166666667,1.0,4689411.495546384,328209.5169664762,19,T
1664214582.1986444,0,64182,0,GPS1_Frame1,42.33801,-71.085345,1.0,4689412.222359846,328210.0843413993,19,T
1664214583.1987374,0,64183,0,GPS1_Frame1,42.33802,-71.08533166666666,1.0,4689413.305845675,328211.21001368866,19,T
1664214584.197294,0,64184,0,GPS1_Frame1,42.338033333333335,-71.08531666666667,1.0,4689414.756105706,328212.482067819,19,T
1664214585.2018592,0,64185,0,GPS1_Frame1,42.33804,-71.08530833333333,1.0,4689415.479552211,328213.1867472016,19,T
1664214586.1974134,0,64186,0,GPS1_Frame1,42.33804333333333,-71.08530333333333,1.0,4689415.839591901,328213.6077393417,19,T
1664214587.1967583,0,64187,0,GPS1_Frame1,42.338051666666665,-71.085295,1.0,4689416.74810913,328214.31695702794,19,T
1664214588.1952744,0,64188,0,GPS1_Frame1,42.33806333333333,-71.085285,1.0,4689418.023400506,328215.17255652917,19,T
1664214589.1960468,0,64189,0,GPS1_Frame1,42.338076666666666,-71.08527833333333,1.0,4689419.490496865,328215.7580843479,19,T
1664214590.196005,0,64190,0,GPS1_Frame1,42.33809,-71.08527666666667,1.0,4689420.967694654,328215.9316972277,19,T
1664214591.1945548,0,64191,0,GPS1_Frame1,42.33810166666667,-71.08528333333334,1.0,4689422.27665752,328215.4142471622,19,T
1664214592.1944315,0,64192,0,GPS1_Frame1,42.33811333333333,-71.085295,1.0,4689423.59572191,328214.48488274135,19,T
1664214593.1945071,0,64193,0,GPS1_Frame1,42.33812666666667,-71.08531,1.0,4689425.106591422,328213.28544759355,19,T
1664214594.1930683,0,64194,0,GPS1_Frame1,42.33813833333333,-71.08532666666666,1.0,4689426.435757755,328211.94416957133,19,T
1664214595.1936958,0,64195,0,GPS1_Frame1,42.33815,-71.085345,1.0,4689427.768291605,328210.46558728605,19,T
1664214596.193506,0,64196,0,GPS1_Frame1,42.338161666666664,-71.08536166666667,1.0,4689429.097458511,328209.1243103174,19,T
1664214597.212962,0,64197,0,GPS1_Frame1,42.338175,-71.08537833333334,1.0,4689430.611696312,328207.78757258516,19,T
1664214598.190389,0,64198,0,GPS1_Frame1,42.338188333333335,-71.08539333333333,1.0,4689432.122567067,328206.5881401361,19,T
1664214599.1929977,0,64199,0,GPS1_Frame1,42.338205,-71.08540666666667,1.0,4689434.000211937,328205.53509045235,19,T
1664214600.1940808,0,64200,0,GPS1_Frame1,42.33822,-71.08542,1.0,4689435.692786367,328204.4775025482,19,T
1664214601.212837,0,64201,0,GPS1_Frame1,42.338231666666665,-71.08543333333333,1.0,4689437.015219733,328203.410837483,19,T
1664214602.20979,0,64202,0,GPS1_Frame1,42.33824333333333,-71.08544666666667,1.0,4689438.337653276,328202.3441728287,19,T
1664214603.1912134,0,64203,0,GPS1_Frame1,42.338253333333334,-71.08546,1.0,4689439.475016371,328201.27296968433,19,T
1664214604.210679,0,64204,0,GPS1_Frame1,42.33826333333333,-71.085475,1.0,4689440.615747099,328200.0644623573,19,T
1664214605.2091541,0,64205,0,GPS1_Frame1,42.33827333333333,-71.08549,1.0,4689441.75647805,328198.85595543083,19,T
1664214606.2086003,0,64206,0,GPS1_Frame1,42.33828333333334,-71.08550666666666,1.0,4689442.900576726,328197.51014441263,19,T
1664214607.211305,0,64207,0,GPS1_Frame1,42.338295,-71.08552,1.0,4689444.223011237,328196.4434818041,19,T
1664214608.1900127,0,64208,0,GPS1_Frame1,42.338305,-71.08553666666667,1.0,4689445.367110406,328195.097671659,19,T
1664214609.1902833,0,64209,0,GPS1_Frame1,42.338315,-71.08555,1.0,4689446.50447469,328194.0264707904,19,T
1664214610.1905537,0,64210,0,GPS1_Frame1,42.338325,-71.08556333333334,1.0,4689447.641839147,328192.95527027454,19,T
1664214611.1886768,0,64211,0,GPS1_Frame1,42.338335,-71.08557833333333,1.0,4689448.782571404,328191.7467657378,19,T
1664214612.2093513,0,64212,0,GPS1_Frame1,42.338345,-71.08559166666667,1.0,4689449.919936236,328190.67556594755,19,T
1664214613.189064,0,64213,0,GPS1_Frame1,42.33835333333333,-71.085605,1.0,4689450.872230618,328189.5998272783,19,T
1664214614.1893952,0,64214,0,GPS1_Frame1,42.338363333333334,-71.08561833333333,1.0,4689452.009595801,328188.5286281683,19,T
1664214615.1907156,0,64215,0,GPS1_Frame1,42.338375,-71.08563666666667,1.0,4689453.34213493,328187.05005583493,19,T
1664214616.1904483,0,64216,0,GPS1_Frame1,42.338386666666665,-71.08565333333334,1.0,4689454.671306644,328185.70878833043,19,T
1664214617.1886845,0,64217,0,GPS1_Frame1,42.33839666666667,-71.08567,1.0,4689455.815408005,328184.3629819626,19,T
1664214618.2107658,0,64218,0,GPS1_Frame1,42.338406666666664,-71.08568666666666,1.0,4689456.959509638,328183.0171760345,19,T
1664214619.2116644,0,64219,0,GPS1_Frame1,42.338415,-71.08569833333334,1.0,4689457.908437447,328182.0787436984,19,T
1664214620.1911929,0,64220,0,GPS1_Frame1,42.33842166666667,-71.08570166666667,1.0,4689458.655455608,328181.82229308784,19,T
1664214621.1878204,0,64221,0,GPS1_Frame1,42.338425,-71.08570333333333,1.0,4689459.028964692,328181.69406780624,19,T
1664214622.2085037,0,64222,0,GPS1_Frame1,42.33842833333333,-71.08571833333333,1.0,4689459.4294165,328180.4674091578,19,T
1664214623.18857,0,64223,0,GPS1_Frame1,42.338433333333334,-71.08573666666666,1.0,4689460.021674915,328178.9706818359,19,T
1664214624.1875014,0,64224,0,GPS1_Frame1,42.33844,-71.085755,1.0,4689460.7990042865,328177.4784943175,19,T
1664214625.2058992,0,64225,0,GPS1_Frame1,42.33845,-71.08577,1.0,4689461.939739375,328176.2699945874,19,T
1664214626.1870022,0,64226,0,GPS1_Frame1,42.33846166666667,-71.085785,1.0,4689463.265545317,328175.066034883,19,T
1664214627.1871605,0,64227,0,GPS1_Frame1,42.33847166666666,-71.08579833333333,1.0,4689464.402912868,328173.9948400592,19,T
1664214628.2056131,0,64228,0,GPS1_Frame1,42.338483333333336,-71.08581166666667,1.0,4689465.725351229,328172.92818527773,19,T
1664214629.2064128,0,64229,0,GPS1_Frame1,42.33849166666667,-71.08582666666666,1.0,4689466.681016523,328171.71514742967,19,T
1664214630.1855016,0,64230,0,GPS1_Frame1,42.338501666666666,-71.08584,1.0,4689467.818384623,328170.6439536823,19,T
1664214631.1866486,0,64231,0,GPS1_Frame1,42.33851,-71.08585666666667,1.0,4689468.7774184095,328169.29361251125,19,T
1664214632.186122,0,64232,0,GPS1_Frame1,42.33851833333333,-71.08587,1.0,4689469.72971627,328168.2178796615,19,T
1664214633.186834,0,64233,0,GPS1_Frame1,42.33853,-71.08588333333333,1.0,4689471.052155575,328167.1512268124,19,T
1664214634.1856594,0,64234,0,GPS1_Frame1,42.338541666666664,-71.08589833333333,1.0,4689472.377963198,328165.9472704478,19,T
1664214635.1836915,0,64235,0,GPS1_Frame1,42.33855333333333,-71.08591166666666,1.0,4689473.700402877,328164.8806184499,19,T
1664214636.1854408,0,64236,0,GPS1_Frame1,42.33856333333333,-71.08592333333333,1.0,4689474.8344039135,328163.9467307967,19,T
1664214637.1854122,0,64237,0,GPS1_Frame1,42.338575,-71.08593666666667,1.0,4689476.156843926,328162.8800795673,19,T
1664214638.1840503,0,64238,0,GPS1_Frame1,42.338585,-71.08594833333333,1.0,4689477.290845251,328161.9461925813,19,T
1664214639.1853566,0,64239,0,GPS1_Frame1,42.338595,-71.08596,1.0,4689478.424846712,328161.012305907,19,T
1664214640.18427,0,64240,0,GPS1_Frame1,42.338605,-71.08597166666667,1.0,4689479.558848307,328160.07841954025,19,T
1664214641.1848187,0,64241,0,GPS1_Frame1,42.338615,-71.085985,1.0,4689480.69621832,328159.0072297158,19,T
1664214642.1852775,0,64242,0,GPS1_Frame1,42.33862333333333,-71.08599833333334,1.0,4689481.648517872,328157.93150012963,19,T
1664214643.186325,0,64243,0,GPS1_Frame1,42.338633333333334,-71.08601333333333,1.0,4689482.789256565,328156.7230072537,19,T
1664214644.1848395,0,64244,0,GPS1_Frame1,42.33864166666667,-71.08603,1.0,4689483.748293197,328155.3726708829,19,T
1664214645.1843011,0,64245,0,GPS1_Frame1,42.33865,-71.08604666666666,1.0,4689484.707330101,328154.02233487746,19,T
1664214646.1834354,0,64246,0,GPS1_Frame1,42.33866,-71.08606166666667,1.0,4689485.848069509,328152.8138431646,19,T
1664214647.184774,0,64247,0,GPS1_Frame1,42.33866833333333,-71.08608,1.0,4689486.810475367,328151.3262042571,19,T
1664214648.2029266,0,64248,0,GPS1_Frame1,42.338678333333334,-71.08609833333334,1.0,4689487.957952198,328149.84310608415,19,T
1664214649.1834526,0,64249,0,GPS1_Frame1,42.33869,-71.08611333333333,1.0,4689489.283763009,328148.6391559842,19,T
1664214650.1845524,0,64250,0,GPS1_Frame1,42.3387,-71.08613,1.0,4689490.42787192,328147.29336236,19,T
1664214651.2036135,0,64251,0,GPS1_Frame1,42.33871166666667,-71.08614666666666,1.0,4689491.757051745,328145.9521096187,19,T
1664214652.202718,0,64252,0,GPS1_Frame1,42.338721666666665,-71.08616166666667,1.0,4689492.897792631,328144.74362044514,19,T
1664214653.184265,0,64253,0,GPS1_Frame1,42.33873333333333,-71.086175,1.0,4689494.220235787,328143.67697569577,19,T
1664214654.1843283,0,64254,0,GPS1_Frame1,42.33874333333333,-71.08619,1.0,4689495.360977092,328142.46848732675,19,T
1664214655.2028434,0,64255,0,GPS1_Frame1,42.33875333333334,-71.086205,1.0,4689496.501718619,328141.2599993582,19,T
1664214656.203087,0,64256,0,GPS1_Frame1,42.33876333333333,-71.08622,1.0,4689497.642460368,328140.05151178595,19,T
1664214657.2020252,0,64257,0,GPS1_Frame1,42.338773333333336,-71.08623333333334,1.0,4689498.779833649,328138.9803280322,19,T
1664214658.201669,0,64258,0,GPS1_Frame1,42.33878333333333,-71.08624833333333,1.0,4689499.920575819,328137.77184123104,19,T
1664214659.1833403,0,64259,0,GPS1_Frame1,42.338786666666664,-71.086265,1.0,4689500.32440436,328136.4078886105,19,T
1664214660.1830456,0,64260,0,GPS1_Frame1,42.338786666666664,-71.08628,1.0,4689500.354723115,328135.1721580394,19,T
1664214661.1833198,0,64261,0,GPS1_Frame1,42.33878333333333,-71.086295,1.0,4689500.014900796,328133.9273459254,19,T
1664214662.1821535,0,64262,0,GPS1_Frame1,42.33877833333333,-71.086305,1.0,4689499.479901626,328133.0899031192,19,T
1664214663.2014682,0,64263,0,GPS1_Frame1,42.338773333333336,-71.08631666666666,1.0,4689498.948271373,328132.1151567559,19,T
1664214664.1835108,0,64264,0,GPS1_Frame1,42.33876333333333,-71.08633333333333,1.0,4689497.871535849,328130.7148773661,19,T
1664214665.1835802,0,64265,0,GPS1_Frame1,42.33875166666667,-71.08635,1.0,4689496.609729946,328129.3100566543,19,T
1664214666.1823642,0,64266,0,GPS1_Frame1,42.33874,-71.08636333333334,1.0,4689495.341186513,328128.1798424361,19,T
1664214667.1828096,0,64267,0,GPS1_Frame1,42.338726666666666,-71.08637833333333,1.0,4689493.890941525,328126.90778334637,19,T
1664214668.1821296,0,64268,0,GPS1_Frame1,42.33871666666667,-71.08639166666667,1.0,4689492.807469105,328125.78210925136,19,T
1664214669.2011874,0,64269,0,GPS1_Frame1,42.33870833333334,-71.08640333333334,1.0,4689491.905698541,328124.7982793875,19,T
1664214670.198891,0,64270,0,GPS1_Frame1,42.33869833333333,-71.08641666666666,1.0,4689490.822226442,328123.6726046562,19,T
1664214671.1797113,0,64271,0,GPS1_Frame1,42.33868666666667,-71.08642833333333,1.0,4689489.55031487,328122.67969213903,19,T
1664214672.1790335,0,64272,0,GPS1_Frame1,42.338675,-71.08644,1.2,4689488.278403429,328121.6867792703,19,T
1664214673.2014003,0,64273,0,GPS1_Frame1,42.338663333333336,-71.08645,1.0,4689487.003123083,328120.83116971806,19,T
1664214674.1807756,0,64274,0,GPS1_Frame1,42.338655,-71.08646,1.0,4689486.097984125,328119.9846421094,19,T
1664214675.1810296,0,64275,0,GPS1_Frame1,42.338645,-71.086475,1.0,4689485.017881834,328118.72166202625,19,T
1664214676.2013798,0,64276,0,GPS1_Frame1,42.338635,-71.08649333333334,1.0,4689483.94451797,328117.1840740952,19,T
1664214677.1822782,0,64277,0,GPS1_Frame1,42.33862333333333,-71.08651,1.0,4689482.682714652,328115.77924821293,19,T
1664214678.2022324,0,64278,0,GPS1_Frame1,42.338615,-71.08651666666667,1.0,4689481.770837982,328115.20732698776,19,T
1664214679.2022114,0,64279,0,GPS1_Frame1,42.33860166666667,-71.08652666666667,1.0,4689480.310487738,328114.3471742553,19,T
1664214680.1813931,0,64280,0,GPS1_Frame1,42.338588333333334,-71.08653833333334,1.0,4689478.853506769,328113.3497173512,19,T
1664214681.1795676,0,64281,0,GPS1_Frame1,42.33859,-71.08656,1.0,4689479.082376955,328111.569308884,19,T
1664214682.1796434,0,64282,0,GPS1_Frame1,42.33859666666667,-71.08657833333334,1.2,4689479.85972104,328110.0771322758,19,T
1664214683.1802394,0,64283,0,GPS1_Frame1,42.33861,-71.08659833333333,1.0,4689481.380717306,328108.4658178652,19,T
1664214684.1816602,0,64284,0,GPS1_Frame1,42.33862166666667,-71.086615,1.0,4689482.709904712,328107.1245702119,19,T
1664214685.1807349,0,64285,0,GPS1_Frame1,42.338631666666664,-71.08663,1.0,4689483.850652416,328105.91608531575,19,T
1664214686.1803114,0,64286,0,GPS1_Frame1,42.338645,-71.08664666666667,1.0,4689485.364910987,328104.57938015496,19,T
1664214687.1797314,0,64287,0,GPS1_Frame1,42.338656666666665,-71.08666166666667,1.0,4689486.690729808,328103.37543770083,19,T
1664214688.1808336,0,64288,0,GPS1_Frame1,42.33866833333333,-71.08667666666666,1.0,4689488.016548852,328102.17149571236,19,T
1664214689.1804385,0,64289,0,GPS1_Frame1,42.338678333333334,-71.08669,1.0,4689489.153928046,328101.10031619255,19,T
1664214690.1801655,0,64290,0,GPS1_Frame1,42.33869,-71.08670333333333,1.0,4689490.476378064,328100.033678682,19,T
1664214691.1805098,0,64291,0,GPS1_Frame1,42.33869833333333,-71.08671833333334,1.0,4689491.432056429,328098.8206546221,19,T
1664214692.1805155,0,64292,0,GPS1_Frame1,42.33870666666667,-71.08673333333333,1.0,4689492.387735017,328097.60763089365,19,T
1664214693.1824756,0,64293,0,GPS1_Frame1,42.338715,-71.08675,1.0,4689493.346783344,328096.25730393676,19,T
1664214694.1789608,0,64294,0,GPS1_Frame1,42.338723333333334,-71.086765,1.0,4689494.302462396,328095.0442808829,19,T
1664214695.1790786,0,64295,0,GPS1_Frame1,42.33873166666667,-71.08677833333333,1.0,4689495.254772101,328093.9685616802,19,T
1664214696.1791532,0,64296,0,GPS1_Frame1,42.33874,-71.08679166666667,1.0,4689496.207081981,328092.8928427686,19,T
1664214697.1791122,0,64297,0,GPS1_Frame1,42.338746666666665,-71.08680333333334,1.0,4689496.970951776,328091.9498857586,19,T
1664214698.199001,0,64298,0,GPS1_Frame1,42.33875166666667,-71.08681333333334,1.0,4689497.546381427,328091.13969052886,19,T
1664214699.1793308,0,64299,0,GPS1_Frame1,42.338755,-71.08682166666667,1.0,4689497.933370885,328090.4622569784,19,T
1664214700.1785395,0,64300,0,GPS1_Frame1,42.33875666666667,-71.08683,1.0,4689498.135289759,328089.78028156445,19,T
1664214701.2010202,0,64301,0,GPS1_Frame1,42.338755,-71.086835,1.0,4689497.960328075,328089.36382921867,19,T
1664214702.201415,0,64302,0,GPS1_Frame1,42.33875333333334,-71.08684166666667,1.0,4689497.788736083,328088.81007337605,19,T
1664214703.1795251,0,64303,0,GPS1_Frame1,42.338748333333335,-71.08684666666667,1.1,4689497.243633152,328088.3845370393,19,T
1664214704.1791961,0,64304,0,GPS1_Frame1,42.33874333333333,-71.086855,1.1,4689496.70526962,328087.68439364666,19,T
1664214705.1786108,0,64305,0,GPS1_Frame1,42.33873666666667,-71.086865,1.1,4689495.985205213,328086.8424046275,19,T
1664214706.199425,0,64306,0,GPS1_Frame1,42.33873,-71.08687166666667,1.0,4689495.258401458,328086.2750224881,19,T
1664214707.1988966,0,64307,0,GPS1_Frame1,42.338723333333334,-71.08688333333333,1.0,4689494.541706949,328085.2957296146,19,T
1664214708.1981037,0,64308,0,GPS1_Frame1,42.33871833333333,-71.08689166666667,1.0,4689494.003343714,328084.595585715,19,T
1664214709.200351,0,64309,0,GPS1_Frame1,42.338715,-71.08690166666666,1.0,4689493.653420964,328083.76268023555,19,T
1664214710.1791708,0,64310,0,GPS1_Frame1,42.338715,-71.08691166666667,1.0,4689493.673639613,328082.93885888753,19,T
1664214711.1787202,0,64311,0,GPS1_Frame1,42.33871833333333,-71.08691666666667,1.0,4689494.053890277,328082.5360324572,19,T
1664214712.178271,0,64312,0,GPS1_Frame1,42.338723333333334,-71.08691833333333,1.0,4689494.612472024,328082.41235528386,19,T
1664214713.1794105,0,64313,0,GPS1_Frame1,42.33873166666667,-71.08691833333333,1.0,4689495.537825283,328082.43506591406,19,T
1664214714.199202,0,64314,0,GPS1_Frame1,42.338741666666664,-71.08692166666667,1.0,4689496.654988789,328082.1877116729,19,T
1664214715.178105,0,64315,0,GPS1_Frame1,42.33876,-71.08692833333333,1.0,4689498.704245186,328081.6884613234,19,T
1664214716.178635,0,64316,0,GPS1_Frame1,42.33877666666667,-71.08693666666667,1.0,4689500.571800803,328081.0473657191,19,T
1664214717.1775672,0,64317,0,GPS1_Frame1,42.338795,-71.08694666666666,1.0,4689502.627796987,328080.27350929927,19,T
1664214718.1797814,0,64318,0,GPS1_Frame1,42.33881,-71.08695666666667,1.0,4689504.313651967,328079.49056893995,19,T
1664214719.1782405,0,64319,0,GPS1_Frame1,42.33882166666667,-71.08696833333333,1.0,4689505.632735613,328078.5612411817,19,T
1664214720.1788082,0,64320,0,GPS1_Frame1,42.33883,-71.08698,1.0,4689506.581678085,328077.6228292446,19,T
1664214721.198205,0,64321,0,GPS1_Frame1,42.338836666666666,-71.08699333333334,1.0,4689507.348919952,328076.54257197445,19,T
1664214722.178069,0,64322,0,GPS1_Frame1,42.33884166666667,-71.087005,1.0,4689507.927721399,328075.59507589357,19,T
1664214723.194216,0,64323,0,GPS1_Frame1,42.33884166666667,-71.087015,1.0,4689507.947941058,328074.7712561983,19,T
1664214724.1755722,0,64324,0,GPS1_Frame1,42.338838333333335,-71.087025,1.0,4689507.598019502,328073.93835176586,19,T
1664214725.173655,0,64325,0,GPS1_Frame1,42.33882333333333,-71.08704333333333,1.0,4689505.969453402,328072.387133906,19,T
1664214726.1929426,0,64326,0,GPS1_Frame1,42.3388,-71.08706666666667,1.0,4689503.425644443,328070.40129299083,19,T
1664214727.1940389,0,64327,0,GPS1_Frame1,42.338795,-71.08708,1.2,4689502.897392838,328069.28923854616,19,T
1664214728.1744115,0,64328,0,GPS1_Frame1,42.338775,-71.0871,1.0,4689500.716985837,328067.587087603,19,T
1664214729.1732426,0,64329,0,GPS1_Frame1,42.33876333333333,-71.087115,1.0,4689499.451822153,328066.3195588385,19,T
1664214730.1933277,0,64330,0,GPS1_Frame1,42.33875333333334,-71.08713,1.0,4689498.371729341,328065.05657220766,19,T
1664214731.173847,0,64331,0,GPS1_Frame1,42.33874333333333,-71.08713666666667,1.0,4689497.274785979,328064.480102683,19,T
1664214732.1948695,0,64332,0,GPS1_Frame1,42.33873833333333,-71.08713666666667,1.0,4689496.719574016,328064.4664748743,19,T
